קטגוריה,Title,קוד רייזל <רשימת חיבורים מדרשיים>,ID מערכת <רשימת חיבורים מדרשיים>,שמות נוספים לחיבור,זמן המדרש,מהדורה ביקורתית,ביבליוגרפיה - ממהדורות המדרש,ביבליוגרפיה - מחקרים,URL,Scraped_At
מבוא,מבוא למדרשי התנאים,,,מדרשי הלכה,"רוב החוקרים מסכימים שמדרשי התנאים נערכו בארץ ישראל באמצע המאה השלישית. מיעוט חוקרים תיארכו אותם לסוף תקופת האמוראים, במאה הרביעית או החמישית, אך דעה זו אינה מקובלת.",,,"ח' אלבק, מבוא לתלמודים, תל אביב תשכ""ט.;י""נ אפשטיין, מבואות לספרות התנאים – משנה, תוספתא ומדרשי-הלכה, ע""צ מלמד (עורך), ירושלים-תל אביב תשי""ז.;רד""צ הופמן, מסלות לתורת התנאים, תל אביב תרפ""ח.;מ' הירשמן, תורה לכל באי העולם, תל אביב תשנ""ט = הירשמן, תורה.;מ' הירשמן, '""חביבים ישראל"": תפיסות חלוקות בבתי המדרש של ר' ישמעאל ור' עקיבא', בתוך: ד' בויארין ואחרים (עורכים), עטרה לחיים: מחקרים בספרות התלמודית והרבנית לכבוד פרופסור חיים זלמן דימיטרובסקי, ירושלים תש""ס, עמ' 79-86 = הירשמן, תפיסות חלוקות.;א""י השל, תורה מן השמיים באספקלריה של הדורות א-ג, לונדון-ניו יורק-ירושלים תשכ""ב-תש""ן.;מ' כהנא, המכילתות לפרשת עמלק, ירושלים תשנ""ט = כהנא, המכילתות.;מ' כהנא, ספרי זוטא דברים: מובאות ממדרש תנאי חדש, ירושלים תשס""ג = כהנא, ספרי זוטא דברים.;א' מירסקי, מדרש תנאים לבראשית, ירושלים תשס""א.;ע""צ מלמד, פרקי מבוא לספרות התלמוד, ירושלים תשל""ג.;א""א פינקלשטיין = Finkelstein, ‘The sources of the Tannaitic Midrashim’, JQR N.S. 31, 1940-1941, pp. 211-243.;M.D. Herr, ‘Midreshei Halakhah’, Encyclopaedia Judaica 11, Jerusalem 1971-1972, pp. 1521-1523.;כהנא, מדרשי ההלכה = Kahana, ‘The halakhic Midrashim’, in: S. Safrai (ed.), The Literature of the Sages II, Assen 2006, pp. 3-105.;G.G. Porton, The Traditions of Rabbi Ishmael, Part 2: Exegetical Comments in Tannaitic Collection, Leiden 1977.;H.L. Strack and G. Stemberger, Introduction to the Talmud and Midrash, Edinburgh 1991.;",https://www.mayim.org.il/?midrashim=%d7%9e%d7%91%d7%95%d7%90-%d7%9c%d7%9e%d7%93%d7%a8%d7%a9%d7%99-%d7%94%d7%aa%d7%a0%d7%90%d7%99%d7%9d,2026-02-13 07:50:40
מדרשי התנאים,מכילתא דרבי ישמעאל,,לא נמצא,מדרש הלכה;מכילתא ואלה שמות;מכילתא דארץ ישראל,"הדעה הרווחת היא שהמדרש נערך במהלך המאה השלישית, אם כי יש המצביעים על קדימותו היחסית לשאר מדרשי התנאים.","הורוויץ-רבין, 1931, פרנקפורט; י""ב לויטרבך, 1933-1935, פילדלפיה","מכילתא דרבי ישמעאל, קונסטנטין רע""ה.;
מדרש המכילתא, ונציה ש""ה.;
מכילתא: מדרש רבותנו התנאים לספר שמות ומכונה לרבי ישמעאל עם פרוש מדות סופרים, מהד' א""ה וייס, וינה תרכ""ה.;
מכילתא דרבי ישמעאל על ספר שמות, מהד' מ' איש שלום עם פירוש 'מאיר עין', וינה תר""ל.;
פירוש המלבי""ם התורה והמצוה על חמישה חומשי תורה עם מכילתא ספרא וספרי, ורשה תרל""ד.;
מכילתא דרבי ישמעאל, מהד' הורוויץ-רבין, פרנקפורט תרצ""א.;
מ' כהנא, אוצר כתבי–יד של מדרשי ההלכה: שחזור העותקים ותיאורם, ירושלים תשנ""ה = כהנא, אוצר.;
מ' כהנא, קטעי מדרשי הלכה מן הגניזה, ירושלים תשס""ה.;
ש""י פרידמן ול' מוסקוביץ, אוצר עדי הנוסח לספרות התנאית, www.biu.ac.il/JS/ tannaim.;
J.Z. Lauterbach, Mekilta de Rabbi Ishmael: A Critical Edition on the Basis of the MSS and Early Edition with an English Translation, Introduction and Notes, 3 vols., Philadelphia 1933-1935.;
Goldin, The Song at the Sea, New Haven 1971.;
Goldin (ed.), The Munich Mekhilta, Copenhagen 1980.;","ל' אליאס, המכילתא דרבי ישמעאל על-פי עותק מעולה מן הגניזה, עבודה לשם קבלת התואר מוסמך, האוניברסיטה העברית, ירושלים תשנ""ז.;י""נ אפשטיין, מבואות לספרות התנאים – משנה, תוספתא ומדרשי-הלכה, ע""צ מלמד (עורך), ירושלים-תל אביב תשי""ז.;מ' ויס, מבוא לתורה שבעל פה, יחידה 2: מדרש הכתוב ומדרשי ההלכה, האוניברסיטה הפתוחה, תל אביב תשנ""א.;נ' זהר, 'החיים והמתים בתהלוכת הגאולה – עריכה ומשמעות במכילתא דרבי ישמעאל – פירוש לפרשה ראשונה של ""מסכת בשלח""', מחקרי ירושלים במחשבת ישראל ד, תשמ""ה, עמ' 223-236.;מ' כהנא, 'מהדורות המכילתא דרבי ישמעאל לשמות בראי קטעי הגניזה', תרביץ נה, תשמ""ו, עמ' 489-524.;מ' כהנא, המכילתות לפרשת עמלק, ירושלים תשנ""ט = כהנא, המכילתות.;ע""צ מלמד, פרקי מבוא לספרות התלמוד, ירושלים תשל""ג.;י' פרנקל, מדרש ואגדה, יחידה ט, האוניברסיטה הפתוחה, תל אביב תשנ""ז.;ר' רביב, 'לשאלת מהותה של הפעולה הפרשנית על פי הגדים שונים במכילתא דרבי ישמעאל', תרביץ ע, תשס""א, עמ' 177-188 = רביב, הפעולה הפרשנית.;ר' רביב, 'התחזקות השימוש במתודה המדרשית בפרשנות המקרא הקדומה – עיונים במכילתא דרבי ישמעאל', שנה בשנה מב, תשס""ב, עמ' 51-68 = רביב, מתודה מדרשית.;א' שמאע, המכילתות הנספחות לספרא: מכילתא דמילואים ומכילתא דעריות, עבודה לשם קבלת התואר דוקטור לפילוסופיה, האוניברסיטה העברית, ירושלים תשס""ט.;M.D. Herr, ‘Mekhilta of R. Ishmael’, Encyclopaedia Judaica 11, Jerusalem 1971-1972, pp. 1267-1269.;Kahana, ‘The halakhic Midrashim’, in: S. Safrai (ed.), The Literature of the Sages II, Assen 2006, pp. 3-105 = כהנא, מדרשי הלכה.;Kahana, ‘Mekhilta of R. Ishmael’, Encyclopaedia Judaica 13, Detroit 2007, pp. 793-795.;H.L. Strack and G. Stemberger, Introduction to the Talmud and Midrash, Edinburgh 1991.;B.Z. Wacholder, ‘The Date of the Mekilta de-Rabbi Ishmael’, HUCA 39, 1968, pp. 117-144.;",https://www.mayim.org.il/?midrashim=%d7%9e%d7%9b%d7%99%d7%9c%d7%aa%d7%90-%d7%93%d7%a8%d7%91%d7%99-%d7%99%d7%a9%d7%9e%d7%a2%d7%90%d7%9c,2026-02-13 07:51:06
מדרשי התנאים,מכילתא דרבי שמעון בר יוחאי,,לא נמצא,"מדרש הלכה, ספרֵי דבי רב, מכילתא דרבי עקיבא, מכילתא דסניא (מכילתא של הסנה)","הדעה הרווחת היא שמדרשי התנאים נערכו במאה השלישית, אך המכילתא דרשב""י נחשבת מאוחרת יותר, כאשר יש הסוברים שעורכה היה אמורא, ואחרים רואים בה חיבור תנאי מאוחר.","אפשטיין-מלמד, 1956, ירושלים","מכילתא דרבי שמעון בר יוחאי, מהד' הופמן, פרנקפורט תרס""ה.;
מכילתא דרבי שמעון בר יוחאי, מהד' אפשטיין-מלמד, ירושלים תשט""ו.;
מ""מ כשר, חומש תורה שלמה, ירושלים תשנ""ב4.;
W.D. Nelson, Mekhilta de-Rabbi Shimon bar Yohai, translated into English with critical introduction and annotation, Philadelphia 2006.;","ל' אליאס בר-לבב, מכילתא דרשב""י פרשת נזיקין: בין יצירה ערוכה לעריכה יצירתית, עבודה לשם קבלת התואר דוקטור לפילוסופיה, האוניברסיטה העברית, ירושלים תשנ""ז.;י""נ אפשטיין, מבואות לספרות התנאים – משנה, תוספתא ומדרשי-הלכה, ע""צ מלמד (עורך), ירושלים-תל אביב תשי""ז.;א""ח בורגנסקי, מכילתא דרבי שמעון בר יוחאי: עיונים במקורות ובדרכי העריכה, עבודה לשם קבלת התואר דוקטור לפילוסופיה, אוניברסיטת בר אילן, רמת גן תשנ""ז = בורגנסקי, מכילתא דרשב""י.;א""ח בורגנסקי, 'מסוגיות עריכתה של המכילתא דר' שמעון בן יוחאי – הצמדת דרשות', סידרא יז, תשס""א-תשס""ב, עמ' 5-22 = בורגנסקי, הצמדת דרשות.;ב' דה-פריס, מחקרים בספרות התלמוד, ירושלים תשכ""ח.;מ' ויס, מבוא לתורה שבעל פה, יחידה 2: מדרש הכתוב ומדרשי ההלכה, האוניברסיטה הפתוחה, תל אביב תשנ""א.;מ' כהנא, המכילתות לפרשת עמלק, ירושלים תשנ""ט = כהנא, המכילתות.;ח""י לוין, 'פירושי המשנה במכילתא דרשב""י ותורת האמוראים', בר-אילן טז, תשל""ט, עמ' 59-69.;ע""צ מלמד, פרקי מבוא לספרות התלמוד, ירושלים תשל""ג.;י' פרנקל, מדרש ואגדה, יחידה ט, האוניברסיטה הפתוחה, תל אביב תשנ""ז.;Ginzberg, ‘Der Anteil R. Simons an der ihm zugeschriebenen Mechilta’, in: M. Brann and I. Elbogen (eds.), Festschrift zu Israel Lewy’s siebzigstetm Geburtstag, Breslau 1911, pp. 403-436.;M.D. Herr, ‘Mekhilta of R. Simon ben Yohai’, Encyclopaedia Judaica 11, Jerusalem 1971-1972, p. 1269.;Kahana, ‘The halakhic Midrashim’, in: S. Safrai (ed.), The Literature of the Sages II, Assen 2006, pp. 3-105.;Idem, ‘Mekhilta of R. Simeon ben Yohai’, Encyclopaedia Judaica 13, Detroit 2007, pp. 795-797.;Lewy, ‘Ein Wort uber die “Mechilta des R. Simon”’, Jahersbericht des judisch-theologischen Seminars 1889.;H.L. Strack and G. Stemberger, Introduction to the Talmud and Midrash, Edinburgh 1991.;Z.A. Yehuda, The Two Mekhiltot on the Hebrew Slave, Ph.D. dissertation, Yeshiva University, New York 1974.;",https://www.mayim.org.il/?midrashim=%d7%9e%d7%9b%d7%99%d7%9c%d7%aa%d7%90-%d7%93%d7%a8%d7%91%d7%99-%d7%a9%d7%9e%d7%a2%d7%95%d7%9f-%d7%91%d7%a8-%d7%99%d7%95%d7%97%d7%90%d7%99,2026-02-13 07:51:34
מדרשי התנאים,ספרא - תורת כהנים,,לא נמצא,'תורת כוהנים';'ספרא דבי רב',"מדרש ספרא נערך, על פי הדעה הרווחת במחקר, במהלך המאה השלישית בארץ ישראל.","א' שושנה, תשנ""א-תשנ""ו, ירושלים","זה ספר תורת כהנים: הנקרא סיפרא דבי רב עם פירוש הראב""ה, קושטא ר""ע לערך.;זה הספר ספרא, ונציה ש""ה.;ספרא דבי רב, מהד' א""ה ווייס עם פירוש ראב""ד, וינה תרכ""ב.;פירוש המלבי""ם התורה והמצווה על חמישה חומשי תורה עם מכילתא ספרא וספרי, ורשה תרל""ה.;ספרא דבי רב, מהד' מ' איש שלום, ברסלוי תרע""ה.;ספרא דבי רב עם פרוש רבנו הלל ב""ר אליקים, ירושלים תשכ""א.;ספרא דבי רב והוא ספר תורת כוהנים על פי כתב יד רומי, מהד' א""א פינקלשטיין, ניו יורק תשמ""ג-תשנ""ב.;תורת כהנים כתב יד וטיקן 31, ירושלים תשל""ב.;ספרא דבי רב, מהד' א' שושנה, ירושלים תשנ""א-תשנ""ו.;ש""י פרידמן ול' מוסקוביץ, אוצר עדי הנוסח לספרות התנאית, www.biu.ac.il/JS/ tannaim.;Neusner, Sifra: An Analytical Ttranslation, Atlanta 1988.","ח' אלבק, מבוא לתלמודים, תל אביב תשכ""ט.;י""נ אפשטיין, מבואות לספרות התנאים – משנה, תוספתא ומדרשי-הלכה, ע""צ מלמד (עורך), ירושלים-תל אביב תשי""ז.;ר""נ בראון, 'התגבשותו הספרותית של מדרש הסיפרא', הקונגרס העולמי למדעי היהדות 10, ג, 1, תש""ן, עמ' 39-46.;רד""צ הופמן, מסלות לתורת התנאים, תל אביב תרפ""ח.;מ' ויס, מבוא לתורה שבעל פה, יחידה 2: מדרש הכתוב ומדרשי ההלכה, האוניברסיטה הפתוחה, תל אביב תשנ""א.;ע""צ מלמד, פרקי מבוא לספרות התלמוד, ירושלים תשל""ג.;ש' נאה, 'הערות ללשון התנאים: בעקבות כתב-יד ואטיקאן 66 של הספרא', בתוך: מ' בר-אשר (עורך), מחקרים בלשון ד, מחקרים לזכרו של רפאל קוטשר, ירושלים תש""ן, עמ' 271-295 = נאה, לשון התנאים.;ש' נאה, 'מבנהו וחלוקתו של מדרש תורת כוהנים: א. מגילות (לקודיקולוגיה התלמודית הקדומה)', תרביץ סו, ד, תשנ""ז, עמ' 483-515 = נאה, תורת כוהנים א.;ש' נאה, 'מבנהו וחלוקתו של מדרש תורת כוהנים: ב. פרשות, פרקים, הלכות', תרביץ סט, א, תש""ס, עמ' 55-92 = נאה, תורת כוהנים ב.;י' פרנקל, מדרש ואגדה, יחידה ט, האוניברסיטה הפתוחה, תל אביב תשנ""ז.;א' רוזנטל, 'תורה שבעל פה ותורה מסיני: הלכה ומעשה', בתוך: מ' בר-אשר וד' רוזנטל (עורכים), מחקרי תלמוד ב, קובץ מחקרים בתלמוד ובמחקרים גובלים, ירושלים תשנ""ג, עמ' 448-489.;א' שמאע, המכילתות הנספחות לספרא: מכילתא דמילואים ומכילתא דעריות, עבודה לשם קבלת התואר דוקטור לפילוסופיה, האוניברסיטה העברית, ירושלים תשס""ט = שמאע, המכילתות.;Kahana, ‘Sifra’, Encyclopaedia Judaica 18, Detroit 2007, pp. 560-562.;H.L. Strack and G. Stemberger, Introduction to the Talmud and Midrash, Edinburgh 1991.;",https://www.mayim.org.il/?midrashim=%d7%a1%d7%a4%d7%a8%d7%90-%d7%aa%d7%95%d7%a8%d7%aa-%d7%9b%d7%95%d7%94%d7%a0%d7%99%d7%9d,2026-02-13 07:52:00
מדרשי התנאים,ספרי במדבר,,לא נמצא,"'מדרש הלכה', 'ספרי דבי רב', 'ספרי רבתי', 'ספר וידבר'","זמן עריכתו של מדרש ספרי במדבר הוא במהלך המאה השלישית, והוא נערך בארץ ישראל.","ח""ש הורוויץ, 1917, לייפציג; מ' כהנא, 1982, ירושלים","זה ספר ספרי, ונציה ש""ו.;
ספרי דבי רב, עם פרוש ר' דוד פארדו, סלוניקי תקנ""ט.;
ספרי דבי רב, מהד' מ' איש שלום בצירוף מבוא ופירוש ""מאיר עין"", וינה תרכ""ד.;
ספרי במדבר דברים, עם הגהות הגר""א, וילנה תרכ""ו.;
פירוש המלבי""ם התורה והמצווה על חמישה חומשי תורה עם מכילתא ספרא וספרי, ורשה תרל""ה.;
ספרי דבי רב: ספרי על ספר במדבר וספרי זוטא, מהד' ח""ש הורוויץ, לייפציג תרע""ז.;
ספרי עם פירוש רבנו הלל ב""ר אליקים, מהד' ש' קולידיצקי, ירושלים תש""ח.;
ספרי עם באור עמק הנצי""ב, מאת נפתלי צבי יהודה ברלין, ירושלים תשי""ט-תשכ""א.;
פירוש לספרי במדבר מיוחס לראב""ד, מהד' צ' בסר, אטלנטה תשנ""ח.;
Neusner, Sifré to Numbers: an American translation and explanation, Atlanta 1986.;","מ' בר-אשר, 'עיונים ראשונים בלשון חכמים המשתקפת בכתב יד רומי 32 לספרי במדבר', בתוך: מ""ע פרידמן ואחרים (עורכים), תעודה ג: מחקרים בספרות התלמוד בלשון חז""ל ובפרשנות המקרא, תל אביב תשמ""ג, עמ' 139-166.;מ' ויס, מבוא לתורה שבעל פה, יחידה 2: מדרש הכתוב ומדרשי ההלכה, האוניברסיטה הפתוחה, תל אביב תשנ""א.;מ' כהנא, אקדמות להוצאה חדשה של ספרי במדבר, עבודה לשם קבלת התואר דוקטור לפילוסופיה, האוניברסיטה העברית, ירושלים תשמ""ב = כהנא, אקדמות.;מ' כהנא, 'גופים זרים מ""דבי רבי"" במדרשי ההלכה', בתוך: ש' יפת (עורכת), מחקרים במקרא ובתלמוד: הרצאות ימי העיון ביובל השישים של המכון למדעי היהדות, ירושלים תשמ""ז, עמ' 69-86 = כהנא, גופים זרים.;ע""צ מלמד, פרקי מבוא לספרות התלמוד, ירושלים תשל""ג.;י' פרנקל, מדרש ואגדה, יחידה ט, האוניברסיטה הפתוחה, תל אביב תשנ""ז.;Kahana, ‘The halakhic Midrashim’, in: S. Safrai (ed.), The Literature of the Sages II, Assen 2006, pp. 3-105 = כהנא, מדרשי הלכה.;Kahana, ‘Sifrei Numbers’, Encyclopaedia Judaica 18, Detroit 2007, pp. 565-566.;H.L. Strack and G. Stemberger, Introduction to the Talmud and Midrash, Edinburgh 1991.;",https://www.mayim.org.il/?midrashim=%d7%a1%d7%a4%d7%a8%d7%99-%d7%91%d7%9e%d7%93%d7%91%d7%a8,2026-02-13 07:52:20
מדרשי התנאים,ספרי זוטא במדבר,,לא נמצא,ספרי של פנים שני;ספרי ירושלמי;ברייתא דספרי;מדרש פנים אחרים של וִישַלחו;וִישַלחו זוטא,המדרש נערך בארץ ישראל במהלך המאה השלישית.,"ח""ש הורוויץ, 1917, לייפציג","ד""ה קעניגסבערגער, פלעשן תרס""ז.;ספרי דבי רב: ספרי על ספר במדבר וספרי זוטא, מהד' ח""ש הורוויץ, לייפציג תרע""ז.;י""ז יוסקוביץ, ספרי זוטא לסדר במדבר עם פירוש אמבוהא דספרי, לודז תרפ""ט.;י""נ אפשטיין, 'ספרי זוטא פרשת פרה', תרביץ א, ספר א, תר""ץ, עמ' 46-78.;א""ז גרבוז, ספרי זוטא על ספר במדבר עם פירוש ספירי אפרים, ירושלים תש""ט.;Schechter, ‘Fragment of Sifre Zuta’, JQR 6, 1894, pp. 656-663.","י""נ אפשטיין, מבואות לספרות התנאים – משנה, תוספתא ומדרשי-הלכה, ע""צ מלמד (עורך), ירושלים-תל אביב תשי""ז.;ח""ש הורוויץ, 'מבוא', בתוך: ספרי דבי רב ספרי על ספר במדבר וספרי זוטא, מהד' הורוויץ, לייפציג תרע""ז.;מ' ויס, מבוא לתורה שבעל פה, יחידה 2: מדרש הכתוב ומדרשי ההלכה, האוניברסיטה הפתוחה, תל אביב תשנ""א.;מ' כהנא, ספרי זוטא דברים, ירושלים תשס""ג = כהנא, ספרי זוטא.;ש' ליברמן, ספרי זוטא – תלמודה של לוד, ניו יורק תשכ""ח.;ע""צ מלמד, פרקי מבוא לספרות התלמוד, ירושלים תשל""ג.;י' פרנקל, מדרש ואגדה, יחידה ט, האוניברסיטה הפתוחה, תל אביב תשנ""ז.;Kahana, ‘The halakhic Midrashim’, in: S. Safrai (ed.), The Literature of the Sages II, Assen 2006, pp. 3-105 כהנא, מדרשי הלכה =.;Kahana, ‘Sifre Zuta Numbers (SZN)’, Encyclopaedia Judaica 18, Detroit 2007, pp. 566-567.;H.L. Strack and G. Stemberger, Introduction to the Talmud and Midrash, Edinburgh 1991.;",https://www.mayim.org.il/?midrashim=%d7%a1%d7%a4%d7%a8%d6%b5%d7%99-%d7%96%d7%95%d7%98%d7%90-%d7%91%d7%9e%d7%93%d7%91%d7%a8,2026-02-13 07:52:36
מדרשי התנאים,ספרי דברים,,לא נמצא,,המדרש נערך בארץ ישראל במהלך המאה השלישית.,"א""א פינקלשטיין, 1969, ניו יורק","דפוס ראשון: ספרי דברים, ונציה ש""ה.;
ר' מאיר בנבנישתי, אות אמת, סלוניקי שכ""ה.;
ספרי דבי רב עם פירוש ר' דוד פארדו, סלוניקי תקנ""ט.;
ר' יהודה נג'אר, אהלי יהודה, ליוורנו תקפ""ג.;
ספרי דבי רב, מהד' מ' איש שלום בצירוף מבוא ופירוש ""מאיר עין"", וינה תרכ""ד.;
ספרי במדבר דברים עם הגהות הגר""א, וילנה תרכ""ו.;
פירוש המלבי""ם התורה והמצווה על חמישה חומשי תורה עם מכילתא ספרא וספרי, ורשה תרל""ה.;
ספרי עם באור עמק הנצי""ב, מאת נפתלי צבי יהודה ברלין, ירושלים תשי""ט-תשכ""א.;
ספרי על ספר דברים, מהד' א""א פינקלשטיין, ניו יורק תשכ""ט.;
ספרי עם פירוש רבנו הלל, מהד' ש' קולידיצקי, ירושלים תש""ח, ירושלים תשמ""ה.;
ר' אליעזר נחום, פירוש ספרי, מהד' מ' כהנא, ירושלים תשנ""ג.;
פירוש לספרי דברים מיוחס לראב""ד, מהד' צ' בסר, אטלנטה, ג'ורג'יה תשנ""ד.;
Hammer, Sifre: A Tannaitic Commentary on the Book of Deuteronomy translated from the Hebrew with introduction and notes, New Haven 1986.;
Neusner, Sifre to Deuteronomy: An Analytical Translation, Atlanta 1987.;","י""נ אפשטיין, 'ספרי דברים מהדורת פינקלשטיין', תרביץ ח, תרצ""ז, עמ' 375-392 = אפשטיין, ספרי דברים.;
י""נ אפשטיין, מבואות לספרות התנאים – משנה, תוספתא ומדרשי-הלכה, ע""צ מלמד (עורך), ירושלים-תל אביב תשי""ז = אפשטיין, מבואות.;
א' גולדברג, 'דבי ר' עקיבא ודבי ר' ישמעאל בספרי דברים פיסקא א-נד', בתוך: מ""ע פרידמן ואחרים (עורכים), מחקרים בספרות התלמוד בלשון חז""ל ובפרשנות המקרא ג, תל אביב תשמ""ג, עמ' 9-16.;
רד""צ הופמן, 'לחקר מדרשי התנאים', מסלות לתורת התנאים, תל אביב תרפ""ח.;
מ' ויס, מבוא לתורה שבעל פה, יחידה 2: מדרש הכתוב ומדרשי ההלכה, האוניברסיטה הפתוחה, תל אביב תשנ""א.;
ש' ליברמן, 'ספרי דברים מהדורת ל' פינקלשטיין', קרית ספר יד, תרצ""ח, עמ' 323-336.;
ע""צ מלמד, פרקי מבוא לספרות התלמוד, ירושלים תשל""ג.;
א""א פינקלשטיין, 'השפעת בית שמאי על ספרי דברים', בתוך: מ""ד קאסוטו ואחרים (עורכים), ספר אסף: קובץ מאמרי מחקר לכבוד הרב שמחה אסף, ירושלים תשי""ג, עמ' 415-426.;
י' פרנקל, מדרש ואגדה, יחידה ט, האוניברסיטה הפתוחה, תל אביב תשנ""ז.;
Kahana, ‘The halakhic Midrashim’, in: S. Safrai (ed.), The Literature of the Sages II, Assen 2006, pp. 3-105 = כהנא, מדרשי הלכה.;
Kahana, ‘Sifrei’, Encyclopaedia Judaica 18, Detroit 2007, pp. 562-564.;
H.L. Strack and G. Stemberger, Introduction to the Talmud and Midrash, Edinburgh 1991.;",https://www.mayim.org.il/?midrashim=%d7%a1%d7%a4%d7%a8%d7%99-%d7%93%d7%91%d7%a8%d7%99%d7%9d,2026-02-13 07:52:59
מדרשי התנאים,מכילתא דברים,,לא נמצא,"מדרש הלכה, מדרש תנאים",מדרש מכילתא דברים נערך על פי הדעה הרווחת במחקר בארץ ישראל במהלך המאה השלישית.,"רד""צ הופמן, 1908-1909, ברלין","מדרש תנאים לקוטי בתר לקוטי ממכילתא לספר דברים, מהד' רד""צ הופמן, ברלין 1897.","י""נ אפשטיין, 'ממכילתא לפרשת ראה', בתוך: ע""צ מלמד (עורך), מחקרים בספרות התלמוד ובלשונות שמיות ב, ירושלים תשמ""ח, עמ' 125-140.;מ' בר-אשר סיגל, פרשת מעשרות (דברים י""ד, כב-כט) במכילתא לדברים דר' ישמעאל, בירור טקסטואלי ופירוש, עבודה לשם קבלת התואר מוסמך, האוניברסיטה העברית, ירושלים תשס""ו.;מ' ויס, מבוא לתורה שבעל פה, יחידה 2: מדרש הכתוב ומדרשי ההלכה, האוניברסיטה הפתוחה, תל אביב תשנ""א.;מ' כהנא, 'קטעים חדשים מהמכילתא לדברים', תרביץ נד ד, תשמ""ה, עמ' 485-551 = כהנא, קטעים חדשים.;מ' כהנא, 'מובאות מהמכילתא לדברים פרשות עקב והאזינו', תרביץ נו א, תשמ""ז, עמ' 19-59 = כהנא, מובאות.;מ' כהנא, 'דפים מהמכילתא לדברים פרשות האזינו וזאת הברכה', תרביץ נז, ב, תשמ""ח, עמ' 165-201 = כהנא, דפים.;מ' כהנא, 'מעלת ישיבת ארץ ישראל במכילתא דברים', תרביץ סב, תשנ""ג, עמ' 501-513 = כהנא, ארץ ישראל.;מ' כהנא, קטעי מדרשי הלכה מן הגניזה, ירושלים תשס""ה.;ע""צ מלמד, פרקי מבוא לספרות התלמוד, ירושלים תשל""ג.;Kahana, ‘The halakhic Midrashim’, in: S. Safrai (ed.), The Literature of the Sages II, Assen 2006, pp. 3-105 = כהנא, מדרשי הלכה.;Kahana, ‘Mekhilta Deuteronomy’, Encyclopaedia Judaica 13, Detroit 2007, pp. 792-793.;Schechter, ‘Genizah Fragments’, JQR 16, 1904, pp. 446-452.;Schechter, ‘The Mechilta to Deuteronomy’, JQR 16, 1904, pp. 695-699.;Schechter, ‘Mekhilta Deuteronomy the Portion of Re’eh’, in: M. Brann and I. Elbogen (eds.), Festschrift zu siebzigsten Geburstag Israel Lewy’s, 1910, Hebrew Section, pp. 188-192.;",https://www.mayim.org.il/?midrashim=%d7%9e%d7%9b%d7%99%d7%9c%d7%aa%d7%90-%d7%93%d7%91%d7%a8%d7%99%d7%9d,2026-02-13 07:53:24
מדרשי התנאים,ספרי זוטא דברים,,לא נמצא,,המדרש נערך במהלך המאה השלישית בארץ ישראל.,"מ' כהנא, 2003, ירושלים","מ' כהנא, ספרי זוטא דברים: מובאות ממדרש תנאי חדש, ירושלים תשס""ג = כהנא, ספרי זוטא.","ח' בן-שמאי, 'ישועה בן יהודה: לדמותו של חכם קראי ירושלמי במאה הי""א', פעמים 32, תשמ""ז, עמ' 3-20.;מ' כהנא, 'מובאות ממדרש תנאי חדש לספר דברים ויחסן לספרי זוטא', הקונגרס העולמי למדעי היהדות 11, ג, 1, תשנ""ד, עמ' 23-30.;מ' כהנא, ‘The halakhic Midrashim’, in: S. Safrai (ed.), The Literature of the Sages II, Assen 2006, pp. 3-105 כהנא, מדרשי הלכה =.;מ' כהנא, ‘Sifre Zuta Deuteronomy’, Encyclopaedia Judaica 18, Detroit 2007, p. 566.;ד' הנשקה, 'עדים זוממים: לפתרונה של חידה עתיקה', תרביץ עב, תשס""ג, עמ' 345-387.;מ' כהנא, '""דרישה וחקירה"" לאור חקירתה של דרשה חדשה בספרי זוטא לדברים', בתוך: ד' בויארין ואחרים (עורכים), עטרה לחיים: מחקרים בספרות התלמודית והרבנית לכבוד פרופסור חיים זלמן דימיטרובסקי, ירושלים תש""ס, עמ' 112-128.;י' רוזן-צבי, '""אפילו מצא אחרת נווה ממנה"" – מבט נוסף על עילות הגירושין בספרות התנאית', JSIJ 3, 2004, עמ' 1-11.",https://www.mayim.org.il/?midrashim=%d7%a1%d7%a4%d7%a8%d6%b5%d7%99-%d7%96%d7%95%d7%98%d7%90-%d7%93%d7%91%d7%a8%d7%99%d7%9d,2026-02-13 07:53:39
מדרשי רבה לתורה,בראשית רבה,,1.1:1:1.1,"'בראשית דר' אושעיא', 'בראשית רבה דר' אושעיה', 'ברייתא דבראשית רבא'","כיום מקובל לתארך את זמן עריכתו של המדרש למאה החמישית, והוא נחשב למדרש האגדה הקדום והחשוב ביותר בתקופת האמוראים.","י' תיאודור וח' אלבק, 1936, ברלין","מדרש רבה, קושטא רע""ב.;מדרש רבה, ונציה ש""ה.;מדרש רבה, וילנה תר""ג-תר""ה, תרמ""ה (דפוס צילום ירושלים תשמ""ח).;מדרש רבה, ורשה תר""י, תרפ""ד (דפוס צילום ירושלים תשל""ז).;מדרש בראשית רבה, מהד' תיאודור-אלבק, ברלין תרע""ב-תרצ""ו.;מדרש רבה, מפורש בידי א""א הלוי, תל אביב תשט""ז-תשכ""ג.;מדרש רבה, מפורש פירוש מדעי חדש, מ""א מירקין, תל אביב תשי""ז-תשכ""ח.;מדרש בראשית רבה כתב יד וטיקן 30, ירושלים תשל""א.;מדרש בראשית רבה כתב יד וטיקן 60, ירושלים תשל""ב.;מ' סוקולוף, קטעי בראשית רבה מן הגניזה, ירושלים תשמ""ב.;מדרש רבה המבואר, ירושלים תשמ""ג-תשנ""ט.;Midrash rabbah, translated into English with notes, glossary and indexes under the editorship of H. Freedman and M. Simon; with a foreword by I. Epstein, London 1939.","ח' אלבק, 'מבוא למדרש בראשית רבא', בתוך: מדרש בראשית רבא, מהד' תיאודור- אלבק, ירושלים תשכ""ה.;י' היינימן, 'מבנהו וחלוקתו של מדרש בראשית רבה', בר-אילן ט, א, תשל""ב, עמ' 279-289.;מ""ד הר, 'אגדה ומדרש בעולמם של חז""ל בארץ ישראל: מקומות התהוות, סיבות צמיחה וזמני עריכה', בתוך: י' לוינסון ואחרים (עורכים), היגיון ליונה: היבטים חדשים בחקר ספרות המדרש, האגדה והפיוט – קובץ מחקרים לכבודו של פרופסור יונה פרנקל במלאות לו שבעים וחמש שנים, ירושלים תשס""ז, עמ' 131-148 = הר, אגדה ומדרש.;א""ה וייס, דור דור ודורשיו, וילנה תרע""א.;מ' כהנא, 'שש משזר: לסידורה של פרשת ""בראשית ברא"" במדרש בראשית רבה', בתוך: י' לוינסון ואחרים (עורכים), היגיון ליונה: היבטים חדשים בחקר ספרות המדרש, האגדה והפיוט – קובץ מחקרים לכבודו של פרופסור יונה פרנקל במלאות לו שבעים וחמש שנים, ירושלים תשס""ז, עמ' 347-376.;ע' מאיר, הסיפור הדרשני בבראשית רבה, תל אביב 1987 = מאיר, הסיפור הדרשני.;ע' מאיר, 'גן בעדן: הערות לאופן העריכה של בראשית רבה', דפים למחקר בספרות 5-6, תשמ""ט, עמ' 309-330 = מאיר, גן בעדן.;ע' מאיר, 'עקרון החלוקה לפרשות בבראשית רבה', הקונגרס העולמי למדעי היהדות 10, ג, 1, תש""ן, עמ' 101-108 = מאיר, החלוקה.;ע' מאיר, 'מעשה העריכה בבראשית רבה ובויקרא רבה', בתוך: מ""ב לרנר ואחרים (עורכים), תעודה יא: מחקרים במדרשי האגדה – ספר זכרון לצבי מאיר רבינוביץ, תל אביב תשנ""ו, עמ' 61-90 = מאיר, העריכה.;א' מירסקי, מדרש תנאים לבראשית, ירושלים תשס""א.;מ""א מירקין, 'הקדמה למדרש בראשית רבה', מדרש רבה, מהד' מירקין, תל אביב תשי""ז-תשנ""ח.;מ' מרגליות, 'מבוא למדרש ויקרא רבה', מדרש ויקרא רבה מהד' מרגליות, ניו יורק-ירושלים תשנ""ג.;מ' סוקולוף, 'העברית של בראשית רבה, לפי כ""י ואטיקן 30', לשוננו לג, תשכ""ט, עמ' 25-42, 135-149, 270-279.;ז' פרנקל, מבוא הירושלמי, ירושלים תשכ""ז.;י' פרנקל, דרכי האגדה והמדרש א, תל אביב 1996 = פרנקל, דרכי האגדה.;י""ל צונץ, הדרשות בישראל והשתלשלותן ההיסטורית, נערך והושלם על ידי ח' אלבק, ירושלים תשי""ד.;M.D. Herr and S. Wald, ‘Genesis Rabbah’‚ Encyclopaedia Judaica 7, Detroit 2007, pp. 448-449.;Lerner, Anlage und quellen des bereschit rabba, Berlin 1882.;Theodor, ‘Die Midraschim zum Pentateuch und der driejáhrige Palastinensische Cyclus’, MGWJ 34, 1885, pp. 351 ff.;",https://www.mayim.org.il/?midrashim=%d7%91%d7%a8%d7%90%d7%a9%d7%99%d7%aa-%d7%a8%d7%91%d7%94,2026-02-13 07:53:58
מדרשי רבה לתורה,שמות רבה,,1.2:1:1.0,"מדרש ואלה שמות רבה, שמות רבה","מדרש שמות רבה מורכב משני חלקים: שמות רבה א' שוערך במאה ה-10 או ה-11, ושמות רבה ב' שייך לרובד הביניים של ספרות התנחומא (מאה 5-7), או לכל המוקדם במאה ה-9. שני החלקים חוברו יחד כנראה במאות ה-11 או ה-12.","א' שנאן, 1984, ירושלים; א' לזרובסקי, 2005, ירושלים","מדרש רבה, קושטא רע""ב.;מדרש רבה, ונציה ש""ה.;מדרש רבה, וילנה תר""ג-תר""ה, תרמ""ה (דפוס צילום ירושלים תשמ""ח).;מדרש רבה, ורשה תר""י, תרפ""ד (דפוס צילום ירושלים תשל""ז).;מדרש רבה, מפורש בידי א""א הלוי, תל אביב תשט""ז-תשכ""ג.;מדרש רבה, מפורש פירוש מדעי חדש, מ""א מירקין, תל אביב תשי""ז-תשכ""ח.;מדרש רבה המבואר, ירושלים תשמ""ג-תשנ""ט.;מדרש שמות רבה: פרשות א-יד, מהד' א' שנאן, ירושלים תשמ""ד.;Midrash rabbah, translated into English with notes, glossary and indexes under the editorship of H. Freedman and M. Simon; with a foreword by I. Epstein, London 1939","מ' ברגמן, ספרות תנחומא ילמדנו: תיאור נוסחיה ועיונים בדרכי התהוותם, עבודה לשם קבלת התואר דוקטור לפילוסופיה, האוניברסיטה העברית, ירושלים תשנ""א.;א' לזרובסקי, מדרש שמות רבה פרשת משפטים: מהדורה מדעית ודיון בסיפורים, עבודה לשם קבלת התואר מוסמך, האוניברסיטה העברית, ירושלים תשס""ה.;ז' פרדס-פינשטיין, פרשות המשכן (תרומה-תצוה, ויקהל-פקודי) במדרש שמות רבה ב' – נוסח, תוכן, מבנה ומגמה, עבודה לשם קבלת התואר דוקטור לפילוסופיה, האוניברסיטה העברית, ירושלים תשס""ט.;י' פרנקל, מדרש ואגדה, יחידה י, האוניברסיטה הפתוחה, תל אביב תשנ""ג.;א' שנאן, 'הפתיחה למדרש שמות רבה', בתוך: ע' פליישר ואחרים (עורכים), מחקרים באגדה, תרגומים ותפילות ישראל, לזכר יוסף היינימן, ירושלים תשמ""א, עמ' קעה-קפג = שנאן, הפתיחה.;א' שנאן, 'מבוא', בתוך: מדרש שמות רבה: פרשות א-יד, מהד' א' שנאן, ירושלים תשמ""ד = שנאן, שמות רבה.;א' שנאן, 'הרבה מעשים כתב משה… ועמד דוד ופרשן (עיון במדרש שמות רבה טו, כב)', בתוך: א""ד אייכלר ואחרים (עורכים), תהילה למשה: מחקרים במקרא ובמדעי היהדות מוגשים למשה גרינברג, החלק העברי, אינדיאנה תשנ""ז, עמ' 235-244 = שנאן, עיון.;M.D. Herr, ‘Exodus Rabbah’, Encyclopaedia Judaica 6, Detroit 2007, p. 624.;H.L. Strack and G. Stemberger, Introduction to the Talmud and Midrash, Edinburgh 1991.;M.B. Lerner, ‘The Work of Aggadic Midrash and the Esther Midrashim’, in: S. Safrai (ed.), The Literature of the Sages II, Assen 2006, pp. 133-229.;",https://www.mayim.org.il/?midrashim=%d7%a9%d7%9e%d7%95%d7%aa-%d7%a8%d7%91%d7%94,2026-02-13 07:54:23
מדרשי רבה לתורה,ויקרא רבה,,1.3:1:1.0,אגדה של ויקרא; אגדה דויקרא רבא,"זמן עריכת מדרש ויקרא רבה הוא כזמן החכמים המאוחרים ביותר המוזכרים בו, כלומר, בתחילת המאה החמישית.","מ' מרגליות, 1953-1954, ירושלים","מדרש רבה, קושטא רע""ב.; מדרש רבה, ונציה ש""ה.; מדרש רבה, וילנה תר""ג-תר""ה, תרמ""ה (דפוס צילום ירושלים תשמ""ח).; מדרש רבה, ורשה תר""י, תרפ""ד (דפוס צילום ירושלים תשל""ז).; מדרש ויקרא רבה, מהד' מ' מרגליות, ירושלים תשי""ג-תשי""ד.; מדרש רבה, מפורש בידי א""א הלוי, תל אביב תשט""ז-תשכ""ג.; מדרש רבה, מפורש פירוש מדעי חדש, מ""א מירקין, תל אביב תשי""ז-תשכ""ז.; מדרש רבה המבואר, ירושלים תשמ""ג-תשנ""ט.; Midrash rabbah, translated into English with notes, glossary and indexes under the editorship of H. Freedman and M. Simon; with a foreword by I. Epstein, London 1939.","ח' אלבק, 'מדרש ויקרא רבה', בתוך: ספר היובל לכבוד לוי גינצבורג למלאת לו שבעים שנה, ניו יורק תש""ו, חלק עברי, עמ' כה-מג.; א' גולדברג, 'המונח ""גופא"" במדרש ויקרא רבה', לשוננו לח, תשל""ד, עמ' 163-169.; י' היינימן, 'פרשיות בויקרא רבה שמקוריותן מפוקפקת', תרביץ לז, תשכ""ח, עמ' 339-345 = היינימן, פרשיות.; י' היינימן, 'אמנות הקומפוזיציה במדרש ויקרא רבה', הספרות ב, תשל""א, עמ' 808-825 = היינימן, קומפוזיציה.; ב' ויסוצקי, 'על כמה מעקרונות העריכה של ויקרא רבה', בתוך: י' לוינסון ואחרים (עורכים), היגיון ליונה: היבטים חדשים בחקר ספרות המדרש, האגדה והפיוט – קובץ מחקרים לכבודו של פרופסור יונה פרנקל במלאות לו שבעים וחמש שנים, ירושלים תשס""ז, עמ' 333-345 = ויסוצקי, עקרונות העריכה.; ע' מאיר, 'מעשה העריכה בבראשית רבה ובויקרא רבה', בתוך: מ""ב לרנר ואחרים (עורכים), תעודה יא: מחקרים במדרשי האגדה – ספר זכרון לצבי מאיר רבינוביץ, תל אביב תשנ""ו, עמ' 61-90.; ח' מיליקובסקי, 'ויקרא רבה, פרשה כח, הפתיחתא הראשונה (פסקאות א-ג): עיונים בנוסח, בעריכה ובזיקתה למקבילה בפסיקתא דרב כהנא', תרביץ עא, תשס""ב, עמ' 19-65.; מ' מרגליות, 'מבוא, נספחים ומפתחות', בתוך: מדרש ויקרא רבה, מהד' מרגליות, ירושלים תש""ך.; י' פרנקל, דרכי האגדה והמדרש א, גבעתיים תשנ""א.; י""ל צונץ, הדרשות בישראל והשתלשלותן ההיסטורית, נערך והושלם על ידי ח' אלבק, ירושלים תשי""ד.; צ""מ רבינוביץ, הלכה ואגדה בפיוטי יניי, תל אביב תשכ""ה.; Heinemann, ‘Leviticus Rabbah’, Encyclopaedia Judaica 12, Detroit 2007, pp. 740-742.; Milikowsky and M. Schlueter, ‘Vayyiqra Rabba through History’, in: J. Targarona Borrás and A. Sáenz-Badillos (eds.), Jewish Studies at the Turn of the Twentieth Century 1, Leiden 1999, pp. 311-321.; Sarason, ‘The “Petihtot” in Leviticus Rabba: “Oral Homilies” or Redactional Construction?’, JJS 33, 1982, pp. 557-567.; B.L. Visotzky, ‘Structure: The Problem of Thematic Unity’, Golden Bells and Pomegranates: Studies in Midrash Leviticus Rabbah, Tubingen 2003.;",https://www.mayim.org.il/?midrashim=%d7%95%d7%99%d7%a7%d7%a8%d7%90-%d7%a8%d7%91%d7%94,2026-02-13 07:54:49
מדרשי רבה לתורה,במדבר רבה,,1.4:1:1.0,,"חלקו הראשון של המדרש נערך ככל הנראה באמצע המאה ה-12, תוך שילוב דרשות קדומות. חלקו השני, מדרש תנחומא, מתוארך למאה התשיעית. המדרש כולו אוחד לחיבור אחד במאה ה-13.","ח' מאק, 1991, ירושלים","דפוס ראשון: מדרש רבה, קושטא רע""ב.;מדרש רבה, ונציה ש""ה.;מדרש רבה, וילנה תר""ג-תר""ה, תרמ""ה (דפוס צילום ירושלים תשמ""ח).;מדרש רבה, ורשה תר""י, תרפ""ד (דפוס צילום ירושלים תשל""ז).;מדרש רבה, מפורש בידי א""א הלוי, תל אביב תשט""ז-תשכ""ג.;מדרש רבה, מפורש פירוש מדעי חדש, מ""א מירקין, תל אביב תשי""ז-תשכ""ז.;מדרש רבה המבואר, ירושלים תשמ""ג-תשנ""ט.;Midrash rabbah, translated into English with notes, glossary and indexes under the editorship of H. Freedman and M. Simon; with a foreword by I. Epstein, London 1939.","מ' ברגמן, ספרות תנחומא ילמדנו: תיאור נוסחיה ועיונים בדרכי התהוותם, עבודה לשם קבלת התואר דוקטור לפילוסופיה, האוניברסיטה העברית, ירושלים תשנ""א.;ח' מאק, 'דרשות אנטי נוצריות במדרש במדבר רבה', הקונגרס העולמי למדעי היהדות 10, ג, 1, תש""ן, עמ' 133-140 = מאק, דרשות.;ח' מאק, מדרש במדבר רבה חלק א: מבוא ודוגמא למהדורה, עבודה לשם קבלת התואר דוקטור לפילוסופיה, האוניברסיטה העברית, ירושלים תשנ""א = מאק, במדבר רבה.;ח' מאק, 'עיצוב פרשה מן המדרש בידי מדפיסי קושטא בשנת רע""ב', פעמים 52, תשנ""ב, עמ' 37-46 = מאק, עיצוב.;ח' מאק, 'המדרשים המאוחרים', מחניים 7, תשנ""ד, עמ' 138-151.;ח' מאק, 'זמנו, מקומו ותפוצתו של מדרש במדבר רבה', בתוך: מ""ב לרנר ואחרים (עורכים), תעודה יא: מחקרים במדרשי האגדה – ספר זיכרון לצבי מאיר רבינוביץ, תל אביב תשנ""ו, עמ' 91-105 = מאק, זמנו.;ח' מאק, 'מדרש במדבר רבה וראשית הקבלה בפרובנס', אשל באר שבע ד, תשנ""ו, עמ' 78-94 = מאק, הקבלה.;ח' מאק, 'פתיחות במדרש במדבר רבה חלק א', מחקרי ירושלים בספרות עברית יז, תשנ""ט, עמ' 41-56 = מאק, פתיחות.;י' פרנקל, מדרש ואגדה, יחידה י, האוניברסיטה הפתוחה, תל אביב תשנ""ג.;M.D. Herr, ‘Numbers Rabbah’, Encyclopaedia Judaica 15, Detroit 2007, pp. 337-338.;H.L. Strack and G. Stemberger, Introduction to the Talmud and Midrash, Edinburgh 1991.;",https://www.mayim.org.il/?midrashim=%d7%91%d7%9e%d7%93%d7%91%d7%a8-%d7%a8%d7%91%d7%94,2026-02-13 07:55:13
מדרשי רבה לתורה,דברים רבה,,1.5:1:1.0,"ואלה הדברים רבה, דברים רבתי, תנחומא, ילמדנו","המדרש נערך, ככל הנראה, בין סוף המאה השישית לתחילת המאה התשיעית בארץ ישראל, בתקופה הביזנטית, לפני התפשטות התלמוד הבבלי. מ' ברגמן סבר שהיה במחצית השנייה של המאה השישית, ואילו מ""ד הר ציין שלא לפני שנת 800.",,"מדרש רבה, קושטא רע""ב.;
מדרש רבה, ונציה ש""ה.;
מדרש רבה, וילנה תר""ג-תר""ה, תרמ""ה (דפוס צילום ירושלים תשמ""ח).;
מדרש רבה, ורשה תר""י, תרפ""ד (דפוס צילום ירושלים תשל""ז).;
ש' בובר, לקוטים ממדרש אלה הדברים זוטא, וינה תרמ""ה.;
מדרש דברים רבה, מהד' ש' ליברמן, ירושלים ת""ש.;
מדרש רבה, מפורש בידי א""א הלוי, תל אביב תשט""ז-תשכ""ג.;
מדרש רבה, מפורש פירוש מדעי חדש, מ""א מירקין, תל אביב תשי""ז-תשכ""ז.;
מדרש רבה המבואר, ירושלים תשמ""ג-תשנ""ט.;
Midrash rabbah, translated into English with notes, glossary and indexes under the editorship of H. Freedman and M. Simon; with a foreword by I. Epstein, London 1939.;","ש' בובר, 'מבוא', בתוך: לקוטים ממדרש אלה הדברים זוטא, וינה תרמ""ה.;מ' ברגמן, ספרות תנחומא ילמדנו: תיאור נוסחיה ועיונים בדרכי התהוותם, עבודה לשם קבלת התואר דוקטור לפילוסופיה, האוניברסיטה העברית, ירושלים תשנ""א.;ש' ליברמן, 'מבוא', בתוך: מדרש דברים רבה, מהד' ליברמן, ירושלים ת""ש.;מ""ב לרנר, 'אור חדש על דברים רבה של בני ספרד (א): צמיחתו של מדרש דברים רבה, מהדורת ליברמן', בתוך: מ""ב לרנר ואחרים (עורכים), תעודה יא: מחקרים במדרשי האגדה – ספר זיכרון לצבי מאיר רבינוביץ, תל אביב תשנ""ו, עמ' 107-145 = לרנר, אור חדש א.;מ""ב לרנר, 'אור חדש על דברים רבה של בני ספרד (ב): למקורן של פרשיות ואתחנן-עקב', תרביץ ע, ג-ד, תשס""א, עמ' 417-427 = לרנר, אור חדש ב.;ז' נויברגר, מדרש דברים רבה הנדפס, עבודה לשם קבלת התואר דוקטור לפילוסופיה, האוניברסיטה העברית, ירושלים תשנ""ט = נויברגר, דברים רבה.;י' פרנקל, מדרש ואגדה, יחידה י, האוניברסיטה הפתוחה, תל אביב תשנ""ג.;M.D. Herr, ‘Deuteronomy Rabbah’, Encyclopaedia Judaica 5, Detroit 2007, pp. 620-621.;H.L. Strack and G. Stemberger, Introduction to the Talmud and Midrash, Edinburgh 1991.;",https://www.mayim.org.il/?midrashim=%d7%93%d7%91%d7%a8%d7%99%d7%9d-%d7%a8%d7%91%d7%94,2026-02-13 07:55:29
מדרשי דרשות,פסיקתא דרב כהנא,,1.25:1:1.0,פסיקאתא;פסיקתא;מדרש אפטרות,"המדרש נערך בארץ ישראל, ככל הנראה, במאה החמישית או השישית לספירה.","ד' מנדלבוים, 1962, ניו יורק","ש' בובר (מהדיר), פסיקתא והיא אגדת ארץ ישראל מיוחסת לרב כהנא, ליק תרכ""ח.;ד' מנדלבוים (מהדיר), פסיקתא דרב כהנא, ניו יורק תשכ""ב.;Pesikta de-Rab Kahana, translated from Hebrew and Aramaic by W.G. Braude and I.J. Kapstein, Philadelphia 1975. ‎","י' אלבוים, 'שערי תשובה לעולם פתוחים: עיון במחזור הפתיחות של פרשת שובה בפסיקתא דרב כהנא', בתוך: י' לוינסון ואחרים (עורכים), היגיון ליונה: היבטים חדשים בחקר ספרות המדרש, האגדה והפיוט – קובץ מחקרים לכבודו של פרופסור יונה פרנקל במלאות לו שבעים וחמש שנים, ירושלים תשס""ז, עמ' 287-307.;ח' אלבק, 'מדרש ויקרא רבה', בתוך: ספר היובל לכבוד לוי גינצבורג למלאות לו שבעים שנה, ניו יורק תש""ו, חלק עברי, עמ' כה-מג.;ש' בובר, 'מבוא', בתוך: ש' בובר (מהדיר), פסיקתא והיא אגדת ארץ ישראל מיוחסת לרב כהנא, ליק תרכ""ח.;א' גולדברג, 'פסיקתא דרב כהנא עם פירוש ומבוא מאת דוב מנדלבוים (ביקורת)', קרית ספר מג, תשכ""ח, עמ' 69-79.;י' היינימן, 'פרשות בויקרא רבה שמקוריותן מפוקפקת', תרביץ לז, תשל""ח, עמ' 339-345.;מ' הירשמן, 'פסיקתא דרב כהנא ופידאה', בתוך: י' לוינסון ואחרים (עורכים), היגיון ליונה: היבטים חדשים בחקר ספרות המדרש, האגדה והפיוט – קובץ מחקרים לכבודו של פרופסור יונה פרנקל במלאות לו שבעים וחמש שנים, ירושלים תשס""ז, עמ' 165-178.;ח' מאק, מדרש האגדה, תל אביב תשמ""ט.;ח' מיליקובסקי, 'ויקרא רבה, פרשה כח, הפתיחתא הראשונה (פסקאות א-ג): עיונים בנוסח, בעריכה ובזיקתה למקבילה בפסיקתא דרב כהנא', תרביץ עא, תשס""ב, עמ' 19-65.;ד' מנדלבוים, 'מבוא', בתוך: פסיקתא דרב כהנא, ד' מנדלבוים (מהדיר), ניו יורק תשמ""ז.;מ' מרגליות, 'מבוא, נספחים ומפתחות למדרש ויקרא רבה', בתוך: מ' מרגליות (עורך), מדרש ויקרא רבה, ירושלים תש""ך.;י' פרנקל, מדרש ואגדה, יחידה ג, האוניברסיטה הפתוחה, תל אביב תשנ""ג.;י""ל צונץ, הדרשות בישראל והשתלשלותן ההיסטורית, נערך והושלם על ידי ח' אלבק, ירושלים תשי""ד = צונץ, הדרשות.;Mandelbaum, ‘Pesikta de-Rav Kahana’, Encyclopaedia Judaica 16, Detroit 2007, pp. 11-12.;H.L. Strack and G. Stemberger, Introduction to the Talmud and Midrash, Edinburgh 1991.;B.L. Visotzky, ‘Structure: The Problem of Thematic Unity’, in: Golden Bells and Pomegranates: Studies in Midrash Leviticus Rabbah, Tubingen 2003.;",https://www.mayim.org.il/?midrashim=%d7%a4%d7%a1%d7%99%d7%a7%d7%aa%d7%90-%d7%93%d7%a8%d7%91-%d7%9b%d7%94%d7%a0%d7%90,2026-02-13 07:55:51
מדרשי דרשות,תנחומא ילמדנו,,לא נמצא,"מדרש ילמדנו, תנחומא הנדפס, תנחומא בובר","מדרש תנחומא החל להתגבש בארץ ישראל מהמאה החמישית. הוא ז'נר מדרשי שהתפתח לאורך מאות שנים, מרובד קדום במאה החמישית, דרך רובד ביניים במאות השישית-שביעית, ועד לרובד מאוחר מסוף המאה השביעית, הן בארץ ישראל והן מחוצה לה.","א""ד קנסקי, 1990, ניו יורק; א' לזרובסקי, 2005, ירושלים; ר' אולמר, 1997, אטלנטה","מדרש תנחומא, קושטא ר""פ-רפ""ב.; מדרש תנחומא, ונציה ש""ה.; מדרש תנחומא, מנטובה שכ""ג.; לקוטים ממדרש אלה הדברים זוטא, מהד' ש' בובר, וינה תרכ""ה.; מדרש תנחומא הקדום והישן, ש' בובר (מהדיר), וילנה תרמ""ג.; א' גרינהוט, 'ליקוטי מדרש ילמדנו', בתוך: ספר הליקוטים: קובץ מדרשים ישנים ומאמרים שונים ד, ה, ו, ירושלים תרנ""ח.; דברים רבה, מהד' ש' ליברמן, ירושלים ת""ש.; מדרש תנחומא על חמישה חומשי תורה עם פירושים, ירושלים תשכ""ב.; י' אדלר, 'מדרש תנחומא כתב יד וטיקן 44', קובץ על יד ח, תשל""ו, עמ' 15-75.; מדרש תנחומא המפואר, ירושלים תשנ""ד.; מדרש תנחומא עם פירוש דעת סופרים, ירושלים תשנ""ד.; א""ד קנסקי, מדרש תנחומא (הנדפס) שמות: שמות עד בשלח הוצאה מדעית, ניו יורק 1990.; א' לזרובסקי, מדרש שמות-רבה, פרשת משפטים: מהדורה מדעית ודיון בסיפורים, עבודה לשם קבלת התואר מוסמך, האוניברסיטה העברית, ירושלים תשס""ה.; ז' פרדס-פינשטיין, פרשות המשכן (תרומה-תצוה, ויקהל-פקודי) במדרש שמות רבה ב' – נוסח, תוכן, מבנה ומגמה, עבודה לשם קבלת התואר דוקטור לפילוסופיה, האוניברסיטה העברית, ירושלים תשס""ט.; Midrash Tanhuma. English: Translates into English with introduction, indices, and brief notes (S. Buber recension), by J.T. Townsend,‎ vols. 1-3, Hoboken 1989-2003.; Midrash Tanhuma-Yelammedenu: An English Translation of Genesis and Exodus from the Printed Version of Tanhuma-Yelammedenu With an Introduction, Notes, and Indexes by S.A. Berman, Hoboken 1996.; Ulmer, Pesiqta rabbati: a synoptic edition of Pesiqta rabbati based upon all extant manuscripts and the editio princeps, Atlanta 1997.","י' אלבוים, 'בין עריכה לשכתוב: לאופיה של הספרות המדרשית המאוחרת', הקונגרס העולמי למדעי היהדות 9, ג, תשמ""ו, עמ' 57-62 = אלבוים, עריכה.; י' אלבוים, 'כמה ברכות מתפלל אדם בכל יום (תנחומא בובר וירא א-ה): עיון בדרכי עיצובה של דרשה תנחומאית', בתוך: ש' אליצור ואחרים (עורכים), כנסת עזרא – ספרות וחיים בבית הכנסת: אסופת מאמרים מוגשת לעזרא פליישר, ירושלים תשנ""ה, עמ' 149-167 = אלבוים, ברכות.; ש' בובר, מבוא, מדרש תנחומא הקדום והישן, ש' בובר (מהדיר), וילנה תרמ""ג.; ב""ז בכר, אגדת אמוראי ארץ ישראל ג, תל אביב תרצ""ח.; מ' ברגמן, ספרות תנחומא ילמדנו: תיאור נוסחיה ועיונים בדרכי התהוותם, עבודה לשם קבלת התואר דוקטור לפילוסופיה, האוניברסיטה העברית, ירושלים תשנ""א (ניו ג'רסי 2003) = ברגמן, תנחומא.; ע' גאולה, 'לחקר מדרש ילמדנו: דיון מחודש בכתובת הידועה מילקוט שמעוני לתורה ובמקורה', תרביץ עד, א-ב, תשס""ה, עמ' 221-251.; ל' גינצבורג, 'מאמר על הילמדנו', גנזי שכטר א, ניו יורק תרפ""ח, עמ' 449-513.; א' גרינהוט, 'מדרש תנחומא והילמדנו', המגיד ו, 1897, עמ' 33-42.; י' היינימן, דרשות בציבור בתקופת התלמוד, ירושלים תשל""א.; מ' ויס, מבוא לתורה שבעל פה, יחידה 7, האוניברסיטה הפתוחה, תל אביב תשנ""א.; ע' מאיר, 'הסיפור הדרשני במדרש קדום ומאוחר', סיני פו, תש""ם, עמ' רמו-רסו.; ח' מאק, מדרש האגדה, תל אביב תשמ""ט.; ש' מירסקי, 'למהותו של מדרש תנחומא', סורא ג, תשי""ח, עמ' 93-119.; א' עפשטיין, 'קדמות התנחומא', בתוך: א""ה ווייס ואחרים (עורכים), בית תלמוד ה, תרמ""ו, עמ' 7-23, 53-55.; י' פרנקל, מדרש ואגדה, יחידה י, האוניברסיטה הפתוחה, תל אביב תשנ""ג.; י""ל צונץ, הדרשות בישראל והשתלשלותן ההיסטורית, נערך והושלם על ידי ח' אלבק, ירושלים תשי""ד.; צ""מ רבינוביץ, 'קרובת יניי לשמות ז, ח ובעיית קדמותם של מדרשי תנחומא-ילמדנו', בר-אילן א, תשכ""ג, עמ' 207-208.; מ' שטיין, 'לחקר מדרשי ילמדנו', ספר היובל לכבוד פרופסור ד""ר משה שור, ורשה תרצ""ה, עמ' 87-112.; א' שנאן, 'מדרשת הפסוק אל האגדה החופשית: פרק בתולדות הסיפור המקראי המורחב', מחקרי ירושלים בספרות עברית ה, תשמ""ד, עמ' 203-220.; Bregman, ‘Tanhuma Yelammedenu’, Encyclopaedia Judaica 19, Detroit 2007, pp. 503-504.; M.D. Herr, ‘Tanhuma Yelammedenu’, Encyclopaedia Judaica 15, Jerusalem 1971-1972, pp. 794-796.; Mann, The Bible as Reed and Preached in the Old Synagogue 1, Cincinnati 1940.; H.L. Strack and G. Stemberger, Introduction to the Talmud and Midrash, Edinburgh 1991.",https://www.mayim.org.il/?midrashim=%d7%aa%d7%a0%d7%97%d7%95%d7%9e%d7%90-%d7%99%d7%9c%d7%9e%d7%93%d7%a0%d7%95,2026-02-13 07:56:23
מדרשי דרשות,פסיקתא רבתי,,1.25:2:1.0,"פסיקאתא, פסיקתא גדולה, פסיקתא רבֵתא, פסיקתא","פסיקתא רבתי הוא אוסף דרשות שמקורן מהמאה החמישית עד התשיעית. גיבושו הסופי של המדרש, הכולל דרשות למועדים ושבתות מיוחדות, התרחש ככל הנראה סביב המאה התשיעית, אם כי חלקים ממנו המשיכו לעבור שינויים.","ה' האן, 1979, פרנקפורט; ל' קשת, 1993, ירושלים; ר' אולמר, 1997, אטלנטה","פסיקתא רבתי, פראג תט""ז.;
פסיקתא רבתי דרב כהנא עם פירוש מהרז""ו איינהורן, ברעסלויא תקצ""א.;
פסיקתא רבתי, מ' איש שלום (מהדיר), וינה תר""ם.;
פסיקתא רבתי דרב כהנא עם פירוש רא""ז מרגליות, מהרז""ו והרד""ל, ורשה תרנ""ג.;
W.G. Braude, Pesikta Rabbati: Discourses for Feasts and Special Sabbaths, New Haven 1968.;
Hahn, Wallfahrt und Auferstehung zur messianischen Zeit: Eine rabbinische Homilie zum Neumond-Shabbat (Pesr 1), Gesellschaft zur Förderung Judaischer Studien 5, Frankfurt a.m. 1979.;
Ulmer, Pesiqta rabbati: a synoptic edition of Pesiqta rabbati based upon all extant manuscripts and the editio princeps, Atlanta 1997.;","ר' אולמר, 'עריכה וקנוניזציה בפסיקתא רבתי', הקונגרס העולמי למדעי היהדות 11, ג, 1, תשנ""ד, עמ' 111-118.; מ' איש שלום, 'מבוא', בתוך: פסיקתא רבתי, מ' איש שלום (מהדיר), וינה תר""ם.; ב' אליצור, פסיקתא רבתי – פרקי מבוא, עבודה לשם קבלת התואר דוקטור לפילוסופיה, האוניברסיטה העברית, ירושלים תשנ""ט.; מ' ברגמן, ספרות תנחומא ילמדנו: תיאור נוסחיה ועיונים בדרכי התהוותם, עבודה לשם קבלת התואר דוקטור לפילוסופיה, האוניברסיטה העברית, ירושלים תשנ""א.; ב""צ לוריא, 'חנוכת חומת ירושלים של בית חשמונאי', בית מקרא כח, תשמ""ג, עמ' 180-184.; ח' מאק, מדרש האגדה, תל אביב תשמ""ט.; י' פרנקל, מדרש ואגדה, יחידה ג, האוניברסיטה הפתוחה, תל אביב תשנ""ג.; י""ל צונץ, הדרשות בישראל והשתלשלותן ההיסטורית, נערך והושלם על ידי ח' אלבק, ירושלים תשי""ד.; מ' צוקר, 'תגובות לתנועת אבלי ציון הקראיים בספרות הרבנית', ספר היובל לרבי חנוך אלבק, ירושלים תשכ""ג, עמ' 378-401.; ל' קשת, פסיקתא רבתי: עדי נוסח ומהדורה של פיס' שובה, עבודה לשם קבלת התואר מוסמך, האוניברסיטה העברית, ירושלים תשנ""ג.; י' שוורץ, 'גאלוס, יוליאנוס, ירושלים – והפולמוס האנטי נוצרי בפסיקתא רבתי', על אתר יא, תשס""ג, עמ' 59-74.; B.J. Bamberger, ‘A Messianic Document of the Seventh Century’, HUCA 15, 1940, pp. 425-431.; Levi, ‘Bari dans la Pesikta Rabbati’, REJ 32, 1896, pp. 278-282.; Mann, The Jews in Egypt and Palestine under the Fatimid Caliphs 1, London 1920.; Sperber, ‘Pesikta Rabbati’, Encyclopaedia Judaica 16, Detroit 2007, pp. 12-13.; H.L. Strack and G. Stemberger, Introduction to the Talmud and Midrash, Edinburgh 1991.",https://www.mayim.org.il/?midrashim=%d7%a4%d7%a1%d7%99%d7%a7%d7%aa%d7%90-%d7%a8%d7%91%d7%aa%d7%99,2026-02-13 07:56:57
מדרשי דרשות,אגדת בראשית,,1.1:2:1.0,"תנא דבי אליהו,ילמדנו,סדר אליהו רבה",המדרש נכתב ונערך ככל הנראה בדרום איטליה במאה התשיעית.,"ע' קהלני, 2004, ירושלים","דפוס ראשון: אגדתא דבראשית, שתי ידות, רבי מנחם די לונזאנו, ונציה שע""ח.;אגדת בראשית, מהד' ר' אברהם בן הגר""א, וילנה תקס""ב.;אגדת בראשית, מהד' ש' בובר, קרקוב תרס""ג.;Teugels, Aggadat Bereshit, Translated from the Hebrew with an Introduction and Notes, Leiden 2001.","ש' בובר, 'מבוא', בתוך: אגדת בראשית, מהד' ש' בובר, קרקוב תרס""ג.;מ' ברגמן, ספרות תנחומא ילמדנו: תיאור נוסחיה ועיונים בדרכי התהוותם, עבודה לשם קבלת התואר דוקטור לפילוסופיה, האוניברסיטה העברית, ירושלים תשנ""א.;א""ל גורדון, 'חקירה על מחבר המדרש אג""ב', הכרמל יב, תרל""ד, עמ' 573-575.;י""ל צונץ, הדרשות בישראל והשתלשלותן ההיסטורית, נערך והושלם על ידי ח' אלבק, ירושלים תשי""ד.;ע' קהלני, אגדת בראשית: מבוא, הצעה למהדורה ביקורתית וענייני תוכן ומבנה, עבודה לשם קבלת התואר דוקטור לפילוסופיה, האוניברסיטה העברית, ירושלים תשס""ד = קהלני, אגדת בראשית.;M.D. Herr, ‘Aggadat Bereshit’, Encyclopaedia Judaica 1, Detroit 2007, p. 464.;H.L. Strack and G. Stemberger, Introduction to the Talmud and Midrash, Edinburgh 1991.;Teugels, ‘New perspectives on the origins of “Aggadat Bereshit”: the witness of a Geniza fragment’, in: J. Targarona Borrás and A. Sáenz-Badillos (eds.), Jewish Studies at the Turn of the Twentieth Century 1, Leiden 1999, pp. 349-357 = טאוגלס, פרספקטיבות.;Teugels, ‘The background of the anti-Christian polemics in Aggadat Bereshit’, Journal for the Study of Judaism 30, 2, 1999, pp. 178-208 = טאוגלס, פולמוס.;Teugels, ‘Aggadat Bereshit and the Triennial Lectionary Cycle’, Journal of Jewish Studies 51, 1, 2000, pp. 117-132 = טאוגלס, מחזור קריאה.;",https://www.mayim.org.il/?midrashim=%d7%90%d7%92%d7%93%d7%aa-%d7%91%d7%a8%d7%90%d7%a9%d7%99%d7%aa,2026-02-13 07:57:21
מדרשי המגילות,שיר השירים רבה,,1.17:1:1.0,שיר השירים רבתי; אגדת שיר השירים; אגדת חזיתא; מדרש חזית,"המדרש נערך בארץ ישראל, ככל הנראה במהלך המאה השביעית. הערכות חוקרים נעות בין המאה החמישית (א""ה וייס) לאמצע המאה השישית (מ""ד הר), המאה השביעית-שמינית (י""ל צונץ), סביב שנת 600 (ל' חירון-בלנק), ועריכה כפולה – עריכה ראשונה סביב שנת 614 ועריכה שנייה במחצית השנייה של המאה השמינית (ש' לקס). המדרש שואב ממדרשי התנאים, בראשית רבה, ויקרא רבה, פסיקתא דרב כהנא והתלמוד הירושלמי, ולא מן התלמוד הבבלי.","S.T. Lachs, 1958, Philadelphia; L.F. Girón-Blanc, 1992","דפוס ראשון: מדרש חמש מגילות, קושטא ר""פ.; מדרש חמש מגילות, פיזרו רע""ט.; מדרש רבה, ונציה ש""ה.; מדרש רבה, וילנה תר""ג-תר""ה, תרמ""ה (דפוס צילום ירושלים תשמ""ח).; מדרש רבה, ורשה תר""י, תרפ""ד (דפוס צילום ירושלים תשל""ז).; מדרש רבה שיר השירים: מדרש חזית, ש' דונסקי (מהדיר), ירושלים תש""ם.; מדרש רבה המבואר, ירושלים תשמ""ג-תשנ""ט.; S.T. Lachs, A critical Edition of Canticles Rabbah: Chapter One, The Dropsie College for Hebrew and Cognate Learning, Philadelphia 1958.; L.F. Girón-Blanc, 'Cantar de los Cantares Rabbâ 4, 7-8 – Edición Crítica', Sefarad 52, 1, 1992, pp. 103-112.","א""א אורבך, 'דרשות חז""ל ופירושי אוריגינס לשיר השירים והויכוח היהודי נוצרי', תרביץ ל, תשכ""א, עמ' 148-170.; ד' בויארין, 'שני מבואות למדרש שיר השירים', תרביץ נו, תשמ""ז, עמ' 479-500.; ח' גולדברג, דרשות תנאים לשיר השירים, עבודה לשם קבלת התואר מוסמך, האוניברסיטה העברית, ירושלים תשמ""ז.; ש' דונסקי, 'מבוא', בתוך: מדרש רבה שיר השירים: מדרש חזית, מהד' דונסקי, ירושלים תש""ם, עמ' 5-30.; ש' הכהן, 'ימי שיבת ציון על פי מדרשי שיר השירים', בתוך: י""א מובשוביץ (עורך), קובץ מאמרים ומחקרים בתורה ובמדעי היהדות לזכרו של הרב משה חיים קצנלנבוגן, ירושלים תשס""א, עמ' פב-קכז.; י' היינמן, דרכי האגדה, ירושלים תש""י.; א""ה וייס, דור דור ודורשיו ג, ניו יורק תרפ""ד.; ל' חירון-בלנק, 'תיאור ראשוני של לשון מדרש שיר השירים רבה ודוגמת מהדורתו', בתוך: מ' בר-אשר (עורך), מחקרים בלשון ד: מחקרים לזכרו של רפאל קוטשר, ירושלים תש""ן, עמ' 129-160.; ש' ליברמן, 'משנת שיר השירים', בתוך: G.G. Scholem, Jewish Gnosticism, Merkabah Mysticism and Talmudic Tradition, New York 1965, App. D., pp. 118-126.; י' פרנקל, מדרש ואגדה, יחידה ג, האוניברסיטה הפתוחה, תל אביב תשנ""ג.; י""ל צונץ, הדרשות בישראל והשתלשלותן ההיסטורית, נערך והושלם על ידי ח' אלבק, ירושלים תשי""ד.; ת' קדרי, '""תוכו רצוף אהבה"": על התורה כרעיה בדרשות תנאים לשיר השירים', תרביץ עא, תשס""ב, עמ' 391-404 = קדרי, התורה.; ת' קדרי, למלאכת העריכה במדרש שיר השירים רבה, עבודה לשם קבלת התואר דוקטור לפילוסופיה, האוניברסיטה העברית, ירושלים תשס""ד = קדרי, העריכה.; ת' קדרי, '""חזית איש מהיר במלאכתו"": לשאלת מקוריותן של הפתיחתאות שבראש מדרש שיר השירים רבה', תרביץ עא, א-ב, תשס""ו, עמ' 155-174.; M.D. Herr, 'Song of Songs Rabbah', Encyclopaedia Judaica 19, Detroit 2007, p. 20.; S.T. Lachs, 'Prolegomena to Canticles Rabba', JQR 55, 1965, pp. 235-255.; M.B. Lerner, 'The Work of Aggadic Midrash and the Esther Midrashim', in: S. Safrai (ed.), The Literature of the Sages II, Assen 2006, pp. 133-229.; B. Rapp-de Lange, 'The love of Torah: Solomon projected into the world of R. Aqiba in the Song of Songs Rabbah', Recycling Biblical Figures, Leiden 1999, pp. 272-291.; H.E. Steller, 'Preliminary remarks to a new edition of ""Shir Hashirim Rabbah""', in: G. Sed-Rajna (ed.), Rashi 1040-1990: hommage à Ephraïm E. Urbach, Congrès européen des Etudes juives, Paris 1993, pp. 301-311.; H.L. Strack and G. Stemberger, Introduction to the Talmud and Midrash, Edinburgh 1991.",https://www.mayim.org.il/?midrashim=%d7%a9%d7%99%d7%a8-%d7%94%d7%a9%d7%99%d7%a8%d7%99%d7%9d-%d7%a8%d7%91%d7%94-%d7%95%d7%9e%d7%93%d7%a8%d7%a9%d7%99%d7%9d-%d7%a0%d7%95%d7%a1%d7%a4%d7%99%d7%9d-%d7%9c%d7%a9%d7%99%d7%a8-%d7%94%d7%a9%d7%99,
מדרשי המגילות,שיר השירים זוטא,,1.17:2:1.0,אגדת שיר השירים (כך אצל ש' שכטר); מדרש שיר השירים (כך בציטוטי ילקוט שמעוני); הגדת שיר השירים (כך אצל ר' מכיר בן אבא בעל ילקוט המכירי). השם 'שיר השירים זוטא' ניתן בידי ש' בובר.,"שכטר קבע את זמן המדרש לא מאוחר לאמצע המאה העשירית, אם כי ציין שהמדרש מכיל גם חומר קדום. צ""מ רבינוביץ רמז שיש להקדים את המדרש לתקופת התנאים. מ""ד הר שיער שזמנו של המדרש הוא לא לפני המאה העשירית, אם כי הוא ציין שהמדרש מכיל גם מסורות קדומות שלא ידועות ממקור אחר. המדרש מכיל דרשות אגדה על פסוקי שיר השירים שחלקן נובעות ממקור שהיה גם בפני מסדר מדרש התנחומא ילמדנו ופסיקתא רבתי.","ש' בובר, תרנ""ד, ברלין; S. Schechter, 1896, Cambridge; צ""מ רבינוביץ, 1977","מדרש זוטא על שיר השירים, רות, איכה וקהלת, מהד' ש' בובר, ברלין תרנ""ד.; 'פרקי שיר השירים זוטא', בתוך: צ""מ רבינוביץ (עורך), גנזי מדרש, תל אביב תשל""ז, עמ' 250-295.; Agadath Shir ha-Shirim, S. Schechter (ed.), Cambridge 1896.","ב' אליצור, שבעים שמות: מדרש שבעים שמות הקב""ה וכנגדם שבעים שמות ישראל, ירושלים והתורה על פי שיר השירים זוטא, ירושלים תשנ""ח.; ש' בובר, 'מבוא', בתוך: מדרש זוטא על שיר השירים, רות, איכה וקהלת, מהד' ש' בובר, ברלין תרנ""ד, עמ' 2-14.; M.D. Herr, 'Midrashim, Smaller', Encyclopaedia Judaica 14, Detroit 2007, pp. 187-188.; M.B. Lerner, 'The Work of Aggadic Midrash and the Esther Midrashim', in: S. Safrai (ed.), The Literature of the Sages II, Assen 2006, pp. 133-229.",https://www.mayim.org.il/?midrashim=%d7%a9%d7%99%d7%a8-%d7%94%d7%a9%d7%99%d7%a8%d7%99%d7%9d-%d7%a8%d7%91%d7%94-%d7%95%d7%9e%d7%93%d7%a8%d7%a9%d7%99%d7%9d-%d7%a0%d7%95%d7%a1%d7%a4%d7%99%d7%9d-%d7%9c%d7%a9%d7%99%d7%a8-%d7%94%d7%a9%d7%99,
מדרשי המגילות,מדרש שיר השירים,,1.17:3:1.0,הגדת שיר השירים; מדרש שיר השירים שלישי (שמות המופיעים בכתבי הראשונים). המדרש נקרא על שם הציטוטים בכתבי הראשונים.,"מהדירי המדרש (גרינהוט וורטהימר) סברו שהמדרש נתחבר בארץ ישראל בסמוך לזמנו של מדרש התנחומא. גרינהוט תיארך את המדרש למאה התשיעית (בעקבות צונץ שתיארך כך את מדרש התנחומא). ורטהימר ציין שהמדרש קודם למאה העשירית בהסתמך על שימוש בו של ר' אלעזר הקליר. מ""ד הר שיער שהמדרש נערך במאה ה-11. לשון המדרש היא עברית, ודרשות שהופיעו במקור בארמית (בעיקר מן התלמוד הירושלמי) תורגמו בו לעברית.","א' גרינהוט, תרנ""ז, ירושלים; י""ח ורטהימר, תשל""א, ירושלים","מדרש שיר השירים, מהד' א' גרינהוט, ירושלים תרנ""ז.; מדרש שיר השירים על פי כתב-יד ישן מתוך הגניזה שבקהיר, מהד' י""ח ורטהימר, ירושלים תשל""א.","א' גרינהוט, 'מבוא', בתוך: מדרש שיר השירים, מהד' א' גרינהוט, ירושלים תרנ""ז, עמ' 5-21.; י""ח ורטהימר, 'מבוא', בתוך: מדרש שיר השירים על פי כתב-יד ישן מתוך הגניזה שבקהיר, מהד' י""ח ורטהימר, ירושלים תשל""א, עמ' 11-23.; מ""ב לרנר, '""מדרש שיר השירים"", מהדורה חדשה מאת הרב י.ח. ורטהימר', קרית ספר מח, תשל""ג, עמ' 543-549.; מ""ב לרנר, 'למקורה של מובאה ועיונים במדרש שיר השירים', תרביץ נב, ד, תשמ""ג, עמ' 581-590.; א' פלטיאל, 'ברית עם ארחומו במדרש שיר השירים', סידרא טו, תשנ""ט, עמ' 119-138.; M.D. Herr, 'Midrashim, Smaller', Encyclopaedia Judaica 14, Detroit 2007, pp. 187-188.; M.B. Lerner, 'The Work of Aggadic Midrash and the Esther Midrashim', in: S. Safrai (ed.), The Literature of the Sages II, Assen 2006, pp. 133-229.",https://www.mayim.org.il/?midrashim=%d7%a9%d7%99%d7%a8-%d7%94%d7%a9%d7%99%d7%a8%d7%99%d7%9d-%d7%a8%d7%91%d7%94-%d7%95%d7%9e%d7%93%d7%a8%d7%a9%d7%99%d7%9d-%d7%a0%d7%95%d7%a1%d7%a4%d7%99%d7%9d-%d7%9c%d7%a9%d7%99%d7%a8-%d7%94%d7%a9%d7%99,
מדרשי המגילות,רות רבה,,1.18:1:1.0,מדרש רות; אגדת רות; מדרש חזיתא; מדרש רות רבתי,"המדרש נערך ככל הנראה בארץ ישראל במהלך המאה השישית, בהתבסס על השימוש במדרשי אגדה קדומים לו (בראשית רבה, ויקרא רבה, פסיקתא דרב כהנא, התלמוד הירושלמי) והיעדר אמוראים מאוחרים מהמאה הרביעית. שאלת הזיקה לתלמוד הבבלי שנויה במחלוקת – לדעת י' פרנקל, עורך המדרש הושפע מהתלמוד הבבלי. מ""ב לרנר סבר כי המדרש עבר ארבעה שלבים של עריכה.","מ""ב לרנר, תשל""א, ירושלים","דפוס ראשון: מדרש חמש מגילות, קושטא ר""פ.; מדרש חמש מגילות, פיזרו רע""ט.; מדרש רבה, ונציה ש""ה.; מדרש רבה, וילנה תר""ג-תר""ה, תרמ""ה (דפוס צילום ירושלים תשמ""ח).; מדרש רבה, ורשה תר""י, תרפ""ד (דפוס צילום ירושלים תשל""ז).; מדרש רבה על חמישה חומשי תורה וחמש מגילות, ירושלים תש""ל.; אגדת רות ומדרש רות רבה, מ""ב לרנר (מהדיר), ירושלים תשל""א.; מדרש רבה המבואר, ירושלים תשמ""ג-תשנ""ט.; Midrash rabbah, translated into English with notes, glossary and indexes under the editorship of H. Freedman and M. Simon; with a foreword by I. Epstein, London 1939.","מ""ב לרנר, אגדת רות ומדרש רות רבה, עבודה לשם קבלת התואר דוקטור לפילוסופיה, האוניברסיטה העברית, ירושלים תשל""א.; ת' מאיר, סיפורים בהקשרם ברות רבה: פואטיקה של עריכה, עבודה לשם קבלת התואר דוקטור לפילוסופיה, אוניברסיטת בר אילן, רמת גן תשס""ח.; מ' ניהוף, 'עיצוב דמותה של רות במדרש ומגמותיו', מחקרי ירושלים במחשבת ישראל יא, תשנ""ג, עמ' 49-78.; י' פרנקל, מדרש ואגדה, יחידה ג, האוניברסיטה הפתוחה, תל אביב תשנ""ג.; י""ל צונץ, הדרשות בישראל והשתלשלותן ההיסטורית, נערך והושלם על ידי ח' אלבק, ירושלים תשי""ד.; מ' רפלד, '""פלוני אלמוני שמו"" (רות רבה פ""ז)', בתוך: א' בוכריס (עורך), ""אל-אשר תלכי"": עיונים במגילת רות, נר לנשמת החייל אריאל רביב ז""ל, ירושלים תשס""ב, עמ' 220-229.; ת' שורין, 'על כמה מדרשי רות ויחסם לטקסט המקראי', דרך אגדה ד-ה, תשס""א-תשס""ב, עמ' 27-39.; M.D. Herr, 'Ruth Rabbah', Encyclopaedia Judaica 17, Detroit 2007, p. 596.; M.B. Lerner, 'The Work of Aggadic Midrash and the Esther Midrashim', in: S. Safrai (ed.), The Literature of the Sages II, Assen 2006, pp. 133-229.; H.L. Strack and G. Stemberger, Introduction to the Talmud and Midrash, Edinburgh 1991.",https://www.mayim.org.il/?midrashim=%d7%a8%d7%95%d7%aa-%d7%a8%d7%91%d7%94-%d7%95%d7%a8%d7%95%d7%aa-%d7%96%d7%95%d7%98%d7%90,
מדרשי המגילות,רות זוטא,,1.18:2:1.0,מדרש מגילת רות בפנים אחרים (כך בכתב היד שבמהדורת בובר). השם 'רות זוטא' ניתן בידי ש' בובר.,"קיימת מחלוקת בקרב החוקרים בנוגע לזמן המדרש: י""ל צונץ ציין שהמדרש מאוחר לרות רבה; מ""ב לרנר שיער שנערך בין המאה העשירית למאה ה-12; א' שנאן ציין שהמדרש נוצר בחוגים שהצמיחו את חסידות אשכנז הקדומה. לעומתם, מ' ניהוף ראתה בסגנון המדרש סימן לקדמותו. עם גילוים של כתבי יד וקטעי גניזה נוספים מתגלים מאפיינים קדומים בלשונו ובסגנונו של המדרש הקרובים ללשון חז""ל. לשון המדרש היא עברית המעורבת עם מעט ארמית.","ר' סלהוב, תש""ס, תל אביב; ש' בובר, תרנ""ד, ברלין","מדרש זוטא על שיר השירים, רות, איכה וקהלת, מהד' ש' בובר, ברלין תרנ""ד.","נ' אילן, 'אישה כשרה, טובות וחסדים – בין דו שיח גלוי לפולמוס סמוי (עיון ברות זוטא ד יא)', בתוך: נ' אילן (עורך), עין טובה: דו שיח ופולמוס בתרבות ישראל, ספר יובל למלאת עי""ן שנים לטובה אילן, תל אביב תשנ""ט, עמ' 180-196.; ש' בובר, 'מבוא', בתוך: ש' בובר (מהדיר), מדרש זוטא על שיר השירים, רות, איכה וקהלת, ברלין תרנ""ד, עמ' 2-14.; מ""ב לרנר, אגדת רות ומדרש רות רבה, עבודה לשם קבלת התואר דוקטור לפילוסופיה, האוניברסיטה העברית, ירושלים תשל""א.; מ' ניהוף, 'עיצוב דמותה של רות במדרש ומגמותיו', מחקרי ירושלים במחשבת ישראל יא, תשנ""ג, עמ' 49-78.; ר' סלהוב, אקדמות להוצאה מדעית של מדרש רות זוטא, עבודה לשם קבלת התואר מוסמך, אוניברסיטת תל אביב, תש""ס.; י""ל צונץ, הדרשות בישראל והשתלשלותן ההיסטורית, נערך והושלם על ידי ח' אלבק, ירושלים תשי""ד.; מ' צפור, 'מהדורה מורחבת נוספת של פירוש רש""י לרות וקטעי רות זוטא בשינויי נוסח', סידרא ח, תשנ""ב, עמ' 99-118.; ר' שושני, 'עיון בשני סיפורים במדרש רות זוטא ובעיבודם ב""חיבור יפה מהישועה""', JSIJ 7, 2008, עמ' 1-23.; א' שנאן, 'המעשים במדרש הקרוי ""רות זוטא""', הקונגרס העולמי למדעי היהדות 11, ג, 1, תשנ""ד, עמ' 129-136.; M.B. Lerner, 'The Work of Aggadic Midrash and the Esther Midrashim', in: S. Safrai (ed.), The Literature of the Sages II, Assen 2006, pp. 133-229.",https://www.mayim.org.il/?midrashim=%d7%a8%d7%95%d7%aa-%d7%a8%d7%91%d7%94-%d7%95%d7%a8%d7%95%d7%aa-%d7%96%d7%95%d7%98%d7%90,
מדרשי המגילות,קהלת רבה,,1.20:1:1.0,מדרש קהלת; הגדת קהלת; מדרש חזיתא; קהלת רבתי,"המדרש נערך ככל הנראה בארץ ישראל במהלך המאה השביעית או השמינית. עריכתו הסופית לא התרחשה לפני המאה השביעית (לדעת קיפרווסר) או המאה השמינית (לדעת מ""ד הר).","מ' הירשמן, תשמ""ג, אן ארבור","דפוס ראשון: מדרש חמש מגילות, קושטא ר""פ.; מדרש חמש מגילות, פיזרו רע""ט.; מדרש רבה, ונציה ש""ה.; מדרש רבה, וילנה תר""ג-תר""ה, תרמ""ה (דפוס צילום ירושלים תשמ""ח).; מדרש רבה, ורשה תר""י, תרפ""ד (דפוס צילום ירושלים תשל""ז).; מדרש רבה המבואר, ירושלים תשמ""ג-תשנ""ט.","מ' הירשמן, 'נבואת שלמה ורוח הקדש במדרש קהלת רבה', מחקרי ירושלים במחשבת ישראל ג, תשמ""ב, עמ' 7-14 = הירשמן, נבואת שלמה.; מ' הירשמן, מדרש קהלת רבה, פרשה א-ד עפ""י כתב יד ואטיקן 291: חילופי נוסח ומסורת המדרש, עבודה לשם קבלת התואר דוקטור לפילוסופיה, בית המדרש לרבנים באמריקה, אן ארבור תשמ""ג = הירשמן, קהלת רבה.; מ' הירשמן, 'מחקרים במדרש קהלת רבה', סיני קב, תשמ""ח, עמ' יט-כה.; מ' הירשמן, 'לדרך השימוש של מדרש קהלת רבה במקורותיו', בתוך: מ""ב לרנר ואחרים (עורכים), תעודה יא: מחקרים במדרשי האגדה – ספר זכרון לצבי מאיר רבינוביץ, תל אביב תשנ""ו, עמ' 179-190 = הירשמן, לדרך השימוש.; א""ה וייס, דור דור ודורשיו, ניו יורק תרפ""ד.; ש' ליברמן, 'הערות לפרק א' של קהלת רבה', בתוך: א""א אורבך ואחרים (עורכים), מחקרים בקבלה ובתולדות הדתות, מוגשים לגרשם שלום, ירושלים תשכ""ח, עמ' 163-179.; ש""י פרידמן, 'לאגדה ההיסטורית בתלמוד הבבלי', בתוך: ש""י פרידמן (עורך), ספר הזיכרון לרבי שאול ליברמן, ניו יורק-ירושלים תשכ""ג, עמ' 119-165.; י' פרנקל, מדרש ואגדה, יחידה ג, האוניברסיטה הפתוחה, תל אביב תשנ""ג.; י""ל צונץ, הדרשות בישראל והשתלשלותן ההיסטורית, נערך והושלם על ידי ח' אלבק, ירושלים תשי""ד.; ר' קיפרווסר, מדרשי קהלת: התהוות ועריכה, עבודה לשם קבלת התואר דוקטור לפילוסופיה, אוניברסיטת בר אילן, רמת גן תשס""ה.; Ginzberg, Die Haggada bei den Kirchenvatern, V. Der Kommentar des Hieroymus zu Koheleth, Sunderabdruck aus Abhandlungen zur Erinnerung an Hirsch Perez Chajes, Wein 1993.; L. Grünhut, Kritische Untersuchung des Midrasch Kohelet Rabbah, Berlin.; M.D. Herr, 'Ecclesiastes Rabbah', Encyclopaedia Judaica 6, Detroit 2007, pp. 90-91.; H.L. Strack and G. Stemberger, Introduction to the Talmud and Midrash, Edinburgh 1991.; Theodor, 'Recensionen', Bibliotheca Rabbinica, MGWJ 29, 1880, pp. 181-190.",https://www.mayim.org.il/?midrashim=%d7%a7%d7%94%d7%9c%d7%aa-%d7%a8%d7%91%d7%94-%d7%95%d7%a7%d7%94%d7%9c%d7%aa-%d7%96%d7%95%d7%98%d7%90,
מדרשי המגילות,קהלת זוטא,,1.20:2:1.0,"מדרש קהלת (בציטוטים בימי הביניים, כולל ילקוט שמעוני)","המדרש נמסר בעל פה במאות השישית-שביעית בארץ ישראל, הועלה על הכתב בין המאות השמינית לתשיעית, והוגה בידי מעתיקים בין המאות העשירית ל-12 בקהילות בספרד ובאשכנז (לפי קיפרווסר). שמות החכמים המוזכרים במדרש הם תנאים ואמוראי ארץ ישראל עד לדור הרביעי.","ר' קיפרווסר, תשנ""ט, רמת גן","מדרש זוטא על שיר השירים, רות, איכה וקהלת, מהד' ש' בובר, ברלין תרנ""ד.","ש' בובר, 'מבוא', בתוך: ש' בובר (מהדיר), מדרש זוטא על שיר השירים, רות, איכה וקהלת, ברלין תרנ""ד, עמ' 2-14.; י""ל צונץ, הדרשות בישראל והשתלשלותן ההיסטורית, נערך והושלם על ידי ח' אלבק, ירושלים תשי""ד.; ר' קיפרווסר, עיון משווה במדרש המכונה קהלת זוטא לאור נוסחאותיו השונות, עבודה לשם קבלת התואר מוסמך, אוניברסיטת בר אילן, רמת גן תשנ""ט.; ר' קיפרווסר, מדרשי קהלת: התהוות ועריכה, עבודה לשם קבלת התואר דוקטור לפילוסופיה, אוניברסיטת בר אילן, רמת גן תשס""ה.; ר' קיפרווסר, 'עיון משווה במדרשי קהלת לטיבו של קהלת זוטא', סידרא כב, תשס""ז, עמ' 153-176.; B. Heller, 'Kohelet Suta', Encyclopaedia Judaica 10, Berlin 1932, pp. 170-171.",https://www.mayim.org.il/?midrashim=%d7%a7%d7%94%d7%9c%d7%aa-%d7%a8%d7%91%d7%94-%d7%95%d7%a7%d7%94%d7%9c%d7%aa-%d7%96%d7%95%d7%98%d7%90,
מדרשי המגילות,איכה רבה,,1.19:1:1.0,הגדת איכה; מגילת איכה; מדרש קינות; מדרש איכה; מדרש איכה רבתי,"המדרש נערך בארץ ישראל, ככל הנראה במאה השישית. מ""ד הר מקדים את עריכתו לסוף המאה החמישית. המדרש שייך לקבוצת מדרשי האמוראים הקדומים שנערכו בארץ ישראל. לאחר עריכתו הראשונית התפצל החיבור לשני נוסחים (מזרחי ומערבי), והוסיף להתגבש ולהתרחב עם תוספות מן התלמוד הבבלי.","פ' מנדל, תשנ""ז, ירושלים","דפוס ראשון: מדרש חמש מגילות, קושטא ר""פ.; מדרש חמש מגילות, פיזרו רע""ט.; מדרש רבה, ונציה ש""ה.; מדרש רבה, וילנה תר""ג-תר""ה, תרמ""ה (דפוס צילום ירושלים תשמ""ח).; מדרש רבה, ורשה תר""י, תרפ""ד (דפוס צילום ירושלים תשל""ז).; מדרש איכה רבה, ש' בובר (מהדיר), וילנה תרנ""ט.; מדרש רבה המבואר, ירושלים תשמ""ג-תשנ""ט.","מ' איילי, 'האל המצטער בצערם של ישראל', בתוך: ש""א הלר-וילנסקי ומ' אידל (עורכים), מחקרים בהגות יהודית, ירושלים תשמ""ט, עמ' 29-50.; ש' בובר, 'מבוא למדרש איכה רבה', בתוך: מדרש איכה רבה, מהד' ש' בובר, וילנה תרנ""ט.; מ""ד הר, 'אגדה ומדרש בעולמם של חז""ל בארץ ישראל: מקומות התהוות, סיבות צמיחה וזמני עריכה', בתוך: י' לוינסון ואחרים (עורכים), היגיון ליונה: היבטים חדשים בחקר ספרות המדרש, האגדה והפיוט – קובץ מחקרים לכבודו של פרופסור יונה פרנקל במלאות לו שבעים וחמש שנים, ירושלים תשס""ז, עמ' 131-148 = הר, אגדה ומדרש.; מ' זולאי, 'פיוט עתיק ופתיחות מאיכה רבתי', תרביץ 16, 1944-1945, עמ' 190-195.; ג' חזן-רוקם, רקמת חיים: היצירה העממית בספרות חז""ל – מדרש האגדה הארץ-ישראלי איכה רבה, תל אביב תשנ""ז.; א' מינץ, חורבן: תגובות בספרות העברית על אסונות לאומיים, ירושלים תשס""ג.; פ' מנדל, מדרש איכה רבתי: מבוא ומהדורה ביקורתית לפרשה השלישית, עבודה לשם קבלת התואר דוקטור לפילוסופיה, האוניברסיטה העברית, ירושלים תשנ""ז.; י' פרנקל, מדרש ואגדה, יחידה ג, האוניברסיטה הפתוחה, תל אביב תשנ""ג.; י""ל צונץ, הדרשות בישראל והשתלשלותן ההיסטורית, נערך והושלם על ידי ח' אלבק, ירושלים תשי""ד.; S.D. Cohen, 'The Destruction: From Scripture to Midrash', Prooftexts 2, 1, 1982, pp. 18-39.; M.D. Herr, 'Lamentations Rabbah', Encyclopaedia Judaica 12, Detroit 2007, pp. 451-452 = הר, איכה רבה.; A. Marx, 'Review of Midrasch Echah Rabbati', in: S. Buber (ed.), Orientalistisch Litteraturzeitung, Vol. 5, no. 7, 1902, pp. 293-296.; H.L. Strack and G. Stemberger, Introduction to the Talmud and Midrash, Edinburgh 1991.",https://www.mayim.org.il/?midrashim=%d7%90%d7%99%d7%9b%d7%94-%d7%a8%d7%91%d7%94-%d7%95%d7%90%d7%99%d7%9b%d7%94-%d7%96%d7%95%d7%98%d7%90,
מדרשי המגילות,איכה זוטא,,1.19:2:1.0,איכה זוטי; מדרש זוטא (השם 'איכה זוטא' ניתן בידי ש' בובר ואינו מופיע בכתבי היד; השם 'איכה זוטי' מופיע בחיבורים מימי הביניים),"המדרש נערך לאחר המאה העשירית. לדעת נ' וידר, המדרש נערך במהלך המאה ה-11 (קדום לכתיבת 'לקח טוב' בשנת 1097). מ""ד הר מציין שהמדרש לא נערך לפני המאה העשירית. מקום עריכת המדרש טרם התברר במחקר, אם כי יש רמזים לכך שהוא נערך במקום בו היה מגע עם הנצרות.","ע' רייזל, תש""ע, ירושלים","מדרש זוטא על שיר השירים, רות, איכה וקהלת, מהד' ש' בובר, ברלין תרנ""ד (כולל שני נוסחים: 'איכה זוטא' ו'איכה זוטא נוסחה שניה').","ש' בובר, 'מבוא', בתוך: מדרש זוטא, מהד' ש' בובר, ברלין תרנ""ד, עמ' 9-10.; פ' מנדל, מדרש איכה רבתי: מבוא ומהדורה ביקורתית לפרשה השלישית, עבודה לשם קבלת התואר דוקטור לפילוסופיה, האוניברסיטה העברית, ירושלים תשנ""ז.; ע' רייזל, מדרש איכה זוטא: פרקי מבוא, הצעה למהדורה ביקורתית ודיון בסיפורים, עבודה לשם קבלת התואר מוסמך, האוניברסיטה העברית, ירושלים תש""ע.; M.D. Herr, 'Midrashim, Smaller', Encyclopaedia Judaica 14, Detroit 2007, p. 187.; M.B. Lerner, 'The Work of Aggadic Midrash and the Esther Midrashim', in: S. Safrai (ed.), The Literature of the Sages II, Assen 2006, pp. 133-229.; N. Wieder, Der Midrash Echa Zuta, Berlin 1936.",https://www.mayim.org.il/?midrashim=%d7%90%d7%99%d7%9b%d7%94-%d7%a8%d7%91%d7%94-%d7%95%d7%90%d7%99%d7%9b%d7%94-%d7%96%d7%95%d7%98%d7%90,
מדרשי המגילות,אסתר רבה א,,לא נמצא,"מדרש אחשורוש; מדרש מגילה; מדרש אסתר; מגילת אסתר (החלק הקדום של אסתר רבה, פרשות א-ו לפי הדפוס הראשון; פרשות א-ה לפי לרנר)","החלק הראשון של מדרש אסתר רבה, מדרש פרשני המתאפיין בדרשות קלסיות (פתיחתאות בראשי הסדרים ודרשות לשוניות קצרות) בדומה לבראשית רבה. נערך ככל הנראה בארץ ישראל במאה השישית. לשונו עברית וארמית גלילית, מעורבות עם מילים זרות מן היוונית ומן הלטינית. מפרש את שני הפרקים הראשונים של המגילה.","א' עצמון, תשס""ו, רמת גן;","דפוס ראשון: מדרש חמש מגילות, קושטא ר""פ.; מדרש חמש מגילות, פיזרו רע""ט.; מדרש רבה, ונציה ש""ה.; מדרש רבה, וילנה תר""ג-תר""ה, תרמ""ה (דפוס צילום ירושלים תשמ""ח).; מדרש רבה, ורשה תר""י, תרפ""ד (דפוס צילום ירושלים תשל""ז).; י' תבורי וא' עצמון (עורכים), מדרש אסתר רבה, מהדורה סינופטית, www.schechter.ac.il/raba.asp.; Midrash rabbah, translated into English with notes, glossary and indexes under the editorship of H. Freedman and M. Simon; with a foreword by I. Epstein, London 1939.","ע' הכהן, 'לבירור זיקתם של מדרשי אסתר לפיוטי ההרחבה הקיליריים ""אספרה אל חוק"" ו""אמל רבך""', נטועים ז, תש""ס, עמ' 45-69.; י' פרנקל, מדרש ואגדה, יחידה ט, האוניברסיטה הפתוחה, תל אביב תשנ""ז.; י""ל צונץ, הדרשות בישראל והשתלשלותן ההיסטורית, נערך והושלם על ידי ח' אלבק, ירושלים תשי""ד.; י' תבורי, 'מבעיות ההדרה של אסתר רבה', סידרא א, תשמ""ה, עמ' 145-152 = תבורי, ההדרה.; י' תבורי, 'החלוקה לפרשיות במדרש אסתר רבה', בתוך: מ""ב לרנר ואחרים (עורכים), תעודה יא: מחקרים במדרשי האגדה: ספר זכרון לצבי מאיר רבינוביץ, תל אביב תשנ""ו, עמ' 191-203 = תבורי, החלוקה.; י' תבורי, 'הפתיחות לפרשה השביעית של אסתר רבה ומדרש אבא גוריון', מחקרי ירושלים בספרות עברית טז, תשנ""ז, עמ' 7-18 = תבורי, הפתיחות.; י' תבורי, 'לגלגולו של המדרש לכתוב ""דברי פי חכם חן""', סידרא ב, תשמ""ו, עמ' 151-155.; M.D. Herr, 'Esther Rabbah', Encyclopaedia Judaica 6, Detroit 2007, pp. 519-520.; M.B. Lerner, 'The Work of Aggadic Midrash and the Esther Midrashim', in: S. Safrai (ed.), The Literature of the Sages II, Assen 2006, pp. 133-229.; H.L. Strack and G. Stemberger, Introduction to the Talmud and Midrash, Edinburgh 1991.",https://www.mayim.org.il/?midrashim=%d7%90%d7%a1%d7%aa%d7%a8-%d7%a8%d7%91%d7%94-%d7%95%d7%9e%d7%93%d7%a8%d7%a9%d7%99%d7%9d-%d7%a0%d7%95%d7%a1%d7%a4%d7%99%d7%9d-%d7%9c%d7%90%d7%a1%d7%aa%d7%a8,
מדרשי המגילות,אסתר רבה ב,,לא נמצא,"מדרש אחשורוש; מדרש מגילה; מדרש אסתר (החלק המאוחר של אסתר רבה, פרשות ז-י לפי החלוקה המאוחרת בדפוס ורשה ואילך)","החלק השני של מדרש אסתר רבה, מתייחס לפרקים ג'-י' של המגילה. מתאפיין בדרשות בסגנון המקרא המשוכתב ובהוספות רבות מחיבורים אחרים, כמו התלמוד הבבלי, פרקי דרבי אליעזר וספר יוסיפון. ההוספות המאוחרות הובילו את החוקרים לתארך אותו למאה ה-11. איחוד שני חלקי אסתר רבה למדרש הקיים כיום התרחש במאה ה-12 או ה-13 באחת מארצות אירופה.","א' עצמון, תשס""ו, רמת גן; י' תבורי וא' עצמון","דפוס ראשון: מדרש חמש מגילות, קושטא ר""פ.; מדרש חמש מגילות, פיזרו רע""ט.; מדרש רבה, ונציה ש""ה.; מדרש רבה, וילנה תר""ג-תר""ה, תרמ""ה (דפוס צילום ירושלים תשמ""ח).; מדרש רבה, ורשה תר""י, תרפ""ד (דפוס צילום ירושלים תשל""ז).; י' תבורי וא' עצמון (עורכים), מדרש אסתר רבה, מהדורה סינופטית, www.schechter.ac.il/raba.asp.; Midrash rabbah, translated into English with notes, glossary and indexes under the editorship of H. Freedman and M. Simon; with a foreword by I. Epstein, London 1939.","א' עצמון, אסתר רבה ב' – לקראת מהדורה ביקורתית, עבודה לשם קבלת התואר דוקטור לפילוסופיה, אוניברסיטת בר אילן, רמת גן תשס""ו = עצמון, אסתר רבה.; א' עצמון, '""מעשה אסתר"" בפרקי דרבי אליעזר ובאסתר רבה ב: לביסוסה של זיקה בין מקבילות בספרות חז""ל', תרביץ עה, ג-ד, תשס""ו, עמ' 329-343 = עצמון, מעשה אסתר.; א' עצמון, 'חלום מרדכי: מהוספה למדרש', JSIJ 6, 2007, עמ' 127-140.; ע' הכהן, 'לבירור זיקתם של מדרשי אסתר לפיוטי ההרחבה הקיליריים ""אספרה אל חוק"" ו""אמל רבך""', נטועים ז, תש""ס, עמ' 45-69.; י' פרנקל, מדרש ואגדה, יחידה ט, האוניברסיטה הפתוחה, תל אביב תשנ""ז.; י""ל צונץ, הדרשות בישראל והשתלשלותן ההיסטורית, נערך והושלם על ידי ח' אלבק, ירושלים תשי""ד.; י' תבורי, 'מבעיות ההדרה של אסתר רבה', סידרא א, תשמ""ה, עמ' 145-152 = תבורי, ההדרה.; י' תבורי, 'החלוקה לפרשיות במדרש אסתר רבה', בתוך: מ""ב לרנר ואחרים (עורכים), תעודה יא: מחקרים במדרשי האגדה: ספר זכרון לצבי מאיר רבינוביץ, תל אביב תשנ""ו, עמ' 191-203 = תבורי, החלוקה.; י' תבורי, 'הפתיחות לפרשה השביעית של אסתר רבה ומדרש אבא גוריון', מחקרי ירושלים בספרות עברית טז, תשנ""ז, עמ' 7-18 = תבורי, הפתיחות.; M.D. Herr, 'Esther Rabbah', Encyclopaedia Judaica 6, Detroit 2007, pp. 519-520.; M.B. Lerner, 'The Work of Aggadic Midrash and the Esther Midrashim', in: S. Safrai (ed.), The Literature of the Sages II, Assen 2006, pp. 133-229.; H.L. Strack and G. Stemberger, Introduction to the Talmud and Midrash, Edinburgh 1991.",https://www.mayim.org.il/?midrashim=%d7%90%d7%a1%d7%aa%d7%a8-%d7%a8%d7%91%d7%94-%d7%95%d7%9e%d7%93%d7%a8%d7%a9%d7%99%d7%9d-%d7%a0%d7%95%d7%a1%d7%a4%d7%99%d7%9d-%d7%9c%d7%90%d7%a1%d7%aa%d7%a8,
מדרשי המגילות,מדרש אבא גוריון,,לא נמצא,"אגדת מגילת אסתר (אצל רש""י); אגדתא דמגילה","המדרש מתוארך לסביבות המאה העשירית (לפי מ""ב לרנר). תלוי בנוסח קדום של מדרש אסתר רבה (לדעת אלבק, תבורי ולרנר), בעוד שבובר סבר להפך – שאסתר רבה שאב מאבא גוריון. עורך המדרש השתמש גם במדרשים נוספים למגילת אסתר (כמו פנים אחרות נוסח ב) שחלקם אבדו.","ב' אלבוים, תשס""ו, רמת גן; ש' בובר, תרמ""ז, וילנה","דפוס ראשון: א' ילינק, בית המדרש א, לייפציג תרי""ג.; ספרי דאגדתא על מגילת אסתר, מהד' ש' בובר, וילנה תרמ""ז.","ב' אלבוים, מדרש אבא גוריון למגילת אסתר: לקראת מהדורה ביקורתית, עבודה לשם קבלת התואר מוסמך, אוניברסיטת בר אילן, רמת גן תשס""ו.; ש' בובר, 'פתח דבר', בתוך: ספרי דאגדתא על מגילת אסתר, וילנה תרמ""ז, עמ' 1-5.; י""ל צונץ, הדרשות בישראל והשתלשלותן ההיסטורית, נערך והושלם על ידי ח' אלבק, ירושלים תשי""ד.; י' תבורי, 'הפתיחות לפרשה שביעית של אסתר רבה ומדרש אבא גוריון', מחקרי ירושלים בספרות עברית טז, תשנ""ז, עמ' 7-18.; M.B. Lerner, 'The Work of Aggadic Midrash and the Esther Midrashim', in: S. Safrai (ed.), The Literature of the Sages II, Assen 2006, pp. 133-229.",https://www.mayim.org.il/?midrashim=%d7%90%d7%a1%d7%aa%d7%a8-%d7%a8%d7%91%d7%94-%d7%95%d7%9e%d7%93%d7%a8%d7%a9%d7%99%d7%9d-%d7%a0%d7%95%d7%a1%d7%a4%d7%99%d7%9d-%d7%9c%d7%90%d7%a1%d7%aa%d7%a8,
מדרשי המגילות,מדרש פנים אחרות נוסח ב',,לא נמצא,פנים אחרות (השם 'פנים אחרים נוסח ב' ניתן בידי ש' בובר; בכתב היד מופיע 'פנים אחרות'),"יש לתארך את המדרש למאות השביעית או השמינית (לפי לרנר). הדרשות במדרש מיוחסות לאמוראים, כשכמעט מחצית מהן מיוחסות לר' לוי, אמורא מן הדור השלישי. לדעת לרנר, המדרש שייך לחלק הקדום של מדרשי התנחומא, ומאוחר יותר ממנו מדרש אבא גוריון. לעומת זאת ח' אלבק סבר שמדרש זה הוא עיבוד של מדרש אבא גוריון.","ש' בובר, תרמ""ז, וילנה","א' ילינק, בית המדרש א, לייפציג תרי""ג (קטע מתוך המדרש).; ספרי דאגדתא על מגילת אסתר, מהד' ש' בובר, וילנה תרמ""ז.","ש' בובר, 'פתח דבר', בתוך: ספרי דאגדתא על מגילת אסתר, וילנה תרמ""ז, עמ' 5-8.; א' עצמון, 'הגדה דמגילת אסתר: לדרכו של מלקט', בתוך: ב""י שורץ ואחרים (עורכים), איגוד א, מבחר מאמרים במדעי היהדות, ירושלים תשס""ח, עמ' 227-291.; א' עצמון, 'חלום מרדכי: מהוספה למדרש', JSIJ 6, 2007, עמ' 127-140.; י""ל צונץ, הדרשות בישראל והשתלשלותן ההיסטורית, נערך והושלם על ידי ח' אלבק, ירושלים תשי""ד.; M.B. Lerner, 'The Work of Aggadic Midrash and the Esther Midrashim', in: S. Safrai (ed.), The Literature of the Sages II, Assen 2006, pp. 133-229 = לרנר, מדרשי אגדה.; E. Segal, The Babylonian Ester Midrash: A Critical Commentary, Atlanta 1994.",https://www.mayim.org.il/?midrashim=%d7%90%d7%a1%d7%aa%d7%a8-%d7%a8%d7%91%d7%94-%d7%95%d7%9e%d7%93%d7%a8%d7%a9%d7%99%d7%9d-%d7%a0%d7%95%d7%a1%d7%a4%d7%99%d7%9d-%d7%9c%d7%90%d7%a1%d7%aa%d7%a8,
מדרשים אבודים וסיפורים,מדרש תדשא או ברייתא דרבי פנחס בן יאיר,,לא נמצא,ברייתא דרבי פנחס בן יאיר,"המדרש לא נערך לאחר שנת 1000, ושימש כמקור לרבי משה הדרשן בן המאה ה-11.","א' עפשטיין, 1887, וינה","דפוס ראשון: מדרש תדשא, בתוך: א' ילינק (עורך), בית המדרש ג, לייפציג תרי""ג- תרל""ח; מדרש תדשא, ורשה תרל""ו; מדרש תדשא או ברייתא דרבי פנחס בן יאיר, מהד' א' עפשטיין, בתוך: מקדמוניות היהודים א, וינה תרמ""ז","ש' בלקין, 'מדרש תדשא או מדרש דרבי פנחס בן יאיר – מדרש הלנסטי קדמון', חורב יא, תשי""א, עמ' 1-52.; ש' לדרמן, 'טקסטים מקבילים בחיבור נוצרי-ביזנטי ובקטעי מדרש המיוחסים לר' משה הדרשן', תרביץ ע, תשס""א, עמ' 213-226.; ח' מאק, 'המדרשים המאוחרים', מחניים 7, תשנ""ד, עמ' 138-151.; א' מינץ-מנור, 'הבריאה, המשכן ומשה הדרשן', תרביץ עא, א-ב, תשס""ב, עמ' 265-267.; א' עפשטיין, 'מדרש תדשא או ברייתא דרבי פנחס בן יאיר – מבוא', בתוך: א""מ הברמן (עורך), כל כתבי ר' אברהם עפשטיין, ירושלים תש""י-תשי""ז, עמ' קל-קמג.; י""מ תא-שמע, 'רבי משה הדרשן והספרות החיצונית', כנסת מחקרים: עיונים בספרות הרבנית בימי הביניים ג: איטליה וביזנטיון, ירושלים תשס""ו, עמ' 188-201.; M.D Herr, ‘Midrashim, Smaller’, Encyclopaedia Judaica 14, Detroit 2007, p. 188.",https://www.mayim.org.il/?midrashim=%d7%9e%d7%93%d7%a8%d7%a9-%d7%aa%d7%93%d7%a9%d7%90-%d7%90%d7%95-%d7%91%d7%a8%d7%99%d7%99%d7%aa%d7%90-%d7%93%d7%a8%d7%91%d7%99-%d7%a4%d7%a0%d7%97%d7%a1-%d7%91%d7%9f-%d7%99%d7%90%d7%99%d7%a8,2026-02-13 12:03:45
מדרשים אבודים וסיפורים,מדרש ויושע,,133:T,"אגדות על ויושע, דרש אל ויושע",המדרש נערך ככל הנראה בסוף המאה ה-11 או בתחילת המאה ה-12.,"ז' פרדס-פינשטיין, 1994, ירושלים","דפוס ראשון: חבור המעשיות והמדרשות, קושטא רע""ט.; ספר דברי חכמים, מיץ תר""ט.; א' ילינק, בית המדרש א, לייפציג תרי""ג.; י""ד אייזנשטיין, אוצר המדרשים א, ניו יורק תרע""ה.; ז' פרדס-פינשטיין, מדרש ויושע: מבוא, מהדורת טקסט ודיון, עבודה לשם קבלת התואר מוסמך, האוניברסיטה העברית, ירושלים תשנ""ד.","ז' פרדס-פינשטיין, מדרש ויושע: מבוא, מהדורת טקסט ודיון, עבודה לשם קבלת התואר מוסמך, האוניברסיטה העברית, ירושלים תשנ""ד.; י""ל צונץ, הדרשות בישראל והשתלשלותן ההיסטורית, נערך והושלם על ידי ח' אלבק, ירושלים תשי""ד.; M.D. Herr, ‘Midrashim, Smaller’ Encyclopaedia Judaica 14, Detroit 2007, pp. 187-190.; R.S. Mikva, Midrash VaYosha and the Development of Narrative in Medieval Jewish Exegesis, Submitted in Partial Fulfillment of Requirements for The Degree of Doctor of Philosophy in Midrash, New York 2008.; H.L. Strack and G. Stemberger, Introduction to the Talmud and Midrash, Edinburgh 1991.;",https://www.mayim.org.il/?midrashim=%d7%9e%d7%93%d7%a8%d7%a9-%d7%95%d7%99%d7%95%d7%a9%d7%a2,2026-02-13 08:00:25
מדרשים אבודים וסיפורים,תשובת יונה הנביא,,לא נמצא,תשובת יונה הנביא; מדרש יונה וקצה נינוה; מדרש יונה ויונה במעי הדגה,"זמן עריכת המדרש המקורי (לפני ששולב בילקוטים שונים) הוא בין המאה התשיעית למאה ה-11, אם כי מ""ד הר ציין כי הוא נערך לא לפני סוף המאה השמינית.","ת' קדרי, 1997, ירושלים","מדרש יונה עם סבוב ר' פתחיה, פראג 1595; א' ילינק (עורך), בית המדרש א, לייפציג תרי""ג (דפוס צילום ירושלים 1938); אגדת אגדות – קובץ מדרשים קטנים, מהד' ח""מ הורוויץ, ברלין תרמ""א (דפוס צילום ירושלים תשכ""ז); ת' קדרי, 'מדרש תשובת יונה הנביא', קובץ על יד טז, תשס""ב, עמ' 67-84 = קדרי, מדרש","י""ל צונץ, הדרשות בישראל והשתלשלותן ההיסטורית, נערך והושלם על ידי ח' אלבק, ירושלים תשי""ד.; ת' קדרי, תשובת יונה הנביא: מבוא, מהדורת טקסט ודיון, עבודה לשם קבלת התואר מוסמך, האוניברסיטה העברית, ירושלים תשנ""ז = קדרי, מבוא.; א' שנאן, 'דברי הימים של משה רבינו', הספרות 24, 1977, עמ' 100-116.; M.D. Herr, ‘Midrashim, Smaller’, Encyclopaedia Judaica 14, Detroit 2007, pp. 187-190.;",https://www.mayim.org.il/?midrashim=%d7%aa%d7%a9%d7%95%d7%91%d7%aa-%d7%99%d7%95%d7%a0%d7%94-%d7%94%d7%a0%d7%91%d7%99%d7%90,2026-02-13 08:00:50
מדרשים אבודים וסיפורים,מדרש אבכיר,,4:T,אביכיר;אכביר;אכיר;אבוכיר,"רוב החוקרים סברו שהמדרש נערך בין המאה ה-11 למאה ה-13, אך ע' גאולה סבור כי נוצר באיטליה בסוף המאה העשירית, וייתכן שחלק מדרשותיו אף מוקדמות יותר.","ע' גאולה, תשנ""ח",,"ע' גאולה, מדרש אבכיר – מבואות ומובאות, עבודה לשם קבלת התואר מוסמך, האוניברסיטה העברית, ירושלים תשנ""ח;ע' גאולה, מדרשי אגדה אבודים הידועים מאשכנז בלבד: אבכיר, אספה ודברים זוטא, עבודה לשם קבלת התואר דוקטור לפילוסופיה, האוניברסיטה העברית, ירושלים תשס""ז;י""ל צונץ, הדרשות בישראל והשתלשלותן ההיסטורית, נערך והושלם על ידי ח' אלבק, ירושלים תשי""ד;M.D. Herr, ‘Midrashim, Smaller’, Encyclopaedia Judaica 14, Detroit 2007, pp. 187-190;",https://www.mayim.org.il/?midrashim=%d7%9e%d7%93%d7%a8%d7%a9-%d7%90%d7%91%d7%9b%d7%99%d7%a8,2026-02-13 08:01:05
מדרשים אבודים וסיפורים,מדרש אספה,,49:T,,"המדרש נערך בדרום איטליה, ככל הנראה סביב המאות התשיעית והעשירית, לדעת ע' גאולה (אבודים).","ע' גאולה, תשנ""ח",,"ע' גאולה, 'לחקר מדרש ילמדנו: דיון מחודש בכתובת הידועה מילקוט שמעוני לתורה ובמקורה', תרביץ עד, א-ב, תשס""ה, עמ' 221-251 = גאולה, ילמדנו; ע' גאולה, מדרשי אגדה אבודים הידועים מאשכנז בלבד: אבכיר, אספה ודברים זוטא, עבודה לשם קבלת התואר דוקטור לפילוסופיה, ירושלים תשס""ז = גאולה, אבודים; M.D. Herr, ‘Midrashim, Smaller’, Encyclopaedia Judaica 14, Detroit 2007, pp. 187-190.;",https://www.mayim.org.il/?midrashim=%d7%9e%d7%93%d7%a8%d7%a9-%d7%90%d6%b6%d7%a1%d6%b0%d7%a4%d6%b8%d7%94,2026-02-13 08:01:20
מדרשים אבודים וסיפורים,מדרש דברים זוטא,,לא נמצא,אלה הדברים זוטי; אלה הדברים זוטא,המדרש נערך ככל הנראה בביזנטיון או באיטליה במאה התשיעית או העשירית.,"ש' בובר, תרמ""ה; ע' גאולה, תשנ""ח","ש' בובר, ליקוטים ממדרש אלה הדברים רבה [זוטא], פרסבורג תרמ""ה.
ע' גאולה, מדרשי אגדה אבודים הידועים מאשכנז בלבד: אבכיר, אספה ודברים זוטא, עבודה לשם קבלת התואר דוקטור לפילוסופיה, האוניברסיטה העברית, ירושלים תשס""ז.","י""ל צונץ, הדרשות בישראל והשתלשלותן ההיסטורית, נערך והושלם על ידי ח' אלבק, ירושלים תשי""ד.; M.D. Herr, ‘Midrashim, Smaller’, Encyclopaedia Judaica 14, Detroit 2007, pp. 187-190.; ש' ליברמן, ‘Roman Legal Institutions in Early Rabbinics and in the Acta Martyrum’, JQR 35, 1944, pp. 1-57.;",https://www.mayim.org.il/?midrashim=%d7%9e%d7%93%d7%a8%d7%a9-%d7%93%d7%91%d7%a8%d7%99%d7%9d-%d7%96%d7%95%d7%98%d7%90,2026-02-13 08:01:37
מדרשים אבודים וסיפורים,דברי הימים של משה רבנו,,לא נמצא,,"הסיפור התחבר במאה העשירית או האחת-עשרה, ונחשב לחלק מהסיפורים העבריים שהתחברו בראשית ימי הביניים ואילך.","ע' יסיף, תשס""א, תל אביב","דברי הימים של משה רבנו, קושטא רע""ז.;דברי הימים למשה רבנו, ונציה ש""ז.;דברי הימים של משה רבנו, בתוך: א' ילינק, בית המדרש ב, לפסייא-וינה, תרי""ג-תרל""ח, עמ' 1-11.;דברי הימים של משה רבנו, בתוך: י""ד אייזנשטין, אוצר מדרשים ב, ניו יורק תרע""ה, עמ' 357-361.;א' שנאן, 'דברי הימים של משה רבנו', הספרות 24, 1977, עמ' 107-115.;ע' יסיף, ספר הזכרונות: הוא דברי הימים לירחמאל, מהדורה ביקורתית בצירוף מבוא הערות ומקבילות, תל אביב תשס""א, עמ' 158-172.","י' דן, הספור העברי בימי הביניים, ירושלים 1974.;א' שנאן, 'דברי הימים של משה רבנו', הספרות 24, 1977, עמ' 100-116.;Rajak, ‘Moses in Ethiopia: Legend and Literature’, Journal of Jewish Studies 29, 1978, pp. 111-122.;Shinan, ‘Moses and the Ethiopian Woman: Sources of a Story in the Chronicles of Moses’, Scripta Hierosolymitana 27, 1978, pp. 66-78.;",https://www.mayim.org.il/?midrashim=%d7%93%d7%91%d7%a8%d7%99-%d7%94%d7%99%d7%9e%d7%99%d7%9d-%d7%a9%d7%9c-%d7%9e%d7%a9%d7%94-%d7%a8%d7%91%d7%a0%d7%95,2026-02-13 08:01:59
מדרשים אבודים וסיפורים,מדרש עשרת הדיברות,,לא נמצא,"מדרשת עשרת הדיברות, מדרש עשרת הדיברות, דרש עשרת הדיברות, מעשים על עשר הדברות, מעשיות על עשרת הדיברות, אגדות של דיברות, ספר חבור מעשיות, הגדה של שבועות","החוקרים תיארכו את המדרש לתקופה שבין המאה השביעית למאה ה-11. חוקרים מסוימים העריכו את זמן חיבורו למאה העשירית או מעט קודם לכן, בעוד אחרים הקדימו אותו למאה השמינית או סוף המאה השביעית עבור נוסח מסוים.","ע' שפירא, תשנ""ח, ירושלים","מדרש עשרת הדברות, פירארה שי""ד.;
מדרש עשרת הדברות, לובלין תל""ב.;
א' ילינק, בית המדרש א, לייפציג תרי""ג, עמ' 62-90.;
מדרש עשרת הדברות, יל""ה הכהן פישמן-מימון (מהדיר), ירושלים תרפ""ד.;
ע' שפירא, מדרש עשרת הדברות – טקסט מקורות ופירוש, ירושלים תשס""ה.;","מ""ב לרנר, 'על המדרשים לעשרת הדברות', בתוך: י' זוסמן וד' רוזנטל (עורכים), מחקרי תלמוד א: קובץ מחקרים בתלמוד ובתחומים גובלים, ירושלים תש""ן, עמ' 217-236 = לרנר, עשרת הדיברות.;
מ""ב לרנר, 'מעשיות קטועות: שחזור של סיפור קטוע בשריד הגניזה של מדרש עשרת הדברות ונוסחו הקדום בבבלי', בתוך: י' לוינסון ואחרים (עורכים), היגיון ליונה: היבטים חדשים בחקר ספרות המדרש, האגדה והפיוט – קובץ מחקרים לכבודו של פרופסור יונה פרנקל במלאות לו שבעים וחמש שנים, ירושלים תשס""ז, עמ' 377-402 = לרנר, מעשיות.;
ד' נוי, 'טיפוסים בינלאומיים ויהודיים ב""מדרש עשרת הדברות""', הקונגרס העולמי למדעי היהדות 4, 2, תשכ""ט, עמ' 353-355.;
ע' שפירא, מדרש עשרת הדברות נוסח כ""י פריס 716: מהדורת הטכסט, מקורות המדרש ומבנהו הספרותי, עבודה לשם קבלת התואר מוסמך, האוניברסיטה העברית, ירושלים תשנ""ח = שפירא, מדרש.;",https://www.mayim.org.il/?midrashim=%d7%9e%d7%93%d7%a8%d7%a9-%d7%a2%d7%a9%d7%a8%d7%aa-%d7%94%d7%93%d7%99%d7%91%d7%a8%d7%95%d7%aa,2026-02-13 08:02:19
מדרשים אבודים וסיפורים,ספרי אסופות של מדרשים,,לא נמצא,"בית המדרש, אגדת אגדות, בית עקד האגדות, תוספתא עתיקתא, בתי מדרשות, ספר לקט מדרשים, ספר אוצר מדרשים כתבי יד, ספר מדרשים כתבי יד, ספר הלקוטים, אוצר מדרשים, גנזי שכטר, ספר ילקוט מדרשים","חלק גדול מהמדרשים התחברו בימי הביניים, אך יש ביניהם גם חיבורים קדומים.",,"א' ילינק, בית המדרש א-ו, לייפציג תרי""ג-תרל""ח.;ח""מ הורוויץ, אגדת אגדות, ברלין תרמ""א.;ח""מ הורוויץ, בית עקד האגדות, פרנקפורט תרמ""א-תרמ""ב.;ח""מ הורוויץ, ספר תוספתא עתיקתא, פרנקפורט תר""ן.;ש""א ורטהימר, בתי מדרשות, ירושלים תרנ""ג-תרנ""ז.;ש""א ורטהימר, ספר לקט מדרשים, ירושלים תרס""ג.;ש""א ורטהימר, ספר אוצר מדרשים כתבי יד, ירושלים (?) תרע""ג.;ש""א ורטהימר, ספר מדרשים כתבי יד, ירושלים תרפ""ג.;א' גרינהוט, ספר הלקוטים, ירושלים תרנ""ח-תרס""ד.;י""ד אייזנשטיין, אוצר מדרשים, ניו יורק תרע""ה.;ל' גינצבורג, גנזי שכטר א, ניו יורק תרפ""ח.;ע' דשא-הלוי, ספר ילקוט מדרשים, צפת תשס""ג-תשס""ז.;Mann, The Bible as Read and Preached in the Old Synagogue, Cincinnati 1940-1966.","ח' מאק, 'המדרשים המאוחרים', מחניים 7, תשנ""ד, עמ' 138-151.;M.D. Herr, ‘Midrashim, Smaller’, Encyclopaedia Judaica 14, Detroit 2007, pp. 187-190.;",https://www.mayim.org.il/?midrashim=%d7%a1%d7%a4%d7%a8%d7%99-%d7%90%d7%a1%d7%95%d7%a4%d7%95%d7%aa-%d7%a9%d7%9c-%d7%9e%d7%93%d7%a8%d7%a9%d7%99%d7%9d,2026-02-13 08:02:34
ילקוטים,פתרון תורה,,1.3-5:1:1.0,מדרש התורה,הילקוט התחבר בסוף המאה התשיעית או בתחילת המאה העשירית בבבל.,"א""א אורבך, 1978, ירושלים","ספר פתרון תורה, מהד' א""א אורבך, ירושלים תשל""ח.;ספר פתרון תורה: ילקוט מדרשים ופירושים, מהד' צילום, ירושלים תשנ""ה.","א""א אורבך, 'מבוא', בתוך: ספר פתרון תורה, מהד' אורבך, ירושלים תשל""ח, עמ' יא-לג.;נ' אלוני, 'ספר ""מדרש התורה"" לרב האיי בן נחשון גאון', עלי ספר ט, תשמ""א, עמ' 56-62.;ש' אליצור, 'מפיוט למדרש', בתוך: מ' בר-אשר (עורך), ספר היובל לרב מרדכי ברויאר ב, ירושלים תשנ""ב, עמ' 383-397.;י' ברודי, לתולדות נוסח השאילתות, ניו יורק-ירושלים תשנ""ב, עמ' 121-122.;א""מ הברמן, 'מהדורת ספר פתרון תורה לרב האיי', סיני פו, תש""ם, עמ' קפז-קצא.;מ' כהנא, ספרי זוטא דברים, ירושלים תשס""ג.;ע' פליישר, 'ציונים לנחלתו הפייטנית של רב האיי גאון: פתיחות השיר במדרש פתרון תורה', מחקרי ירושלים בספרות עברית י-יא, תשמ""ח, עמ' 661-681.;",https://www.mayim.org.il/?midrashim=%d7%a4%d7%aa%d7%a8%d7%95%d7%9f-%d7%aa%d7%95%d7%a8%d7%94,2026-02-13 08:03:03
ילקוטים,לקח טוב - פסיקתא זוטרתא,,לא נמצא,"פסיקתא זוּטָרְתָא,פסיקתא זוטרתא או רבתי",הילקוט התחבר בשנת 1097.,"ש' בובר, 1880, וילנה","דפוס ראשון: פסיקתא זוטרתא או רבתי, ונציה ש""ו.;מדרש לקח טוב המכונה פסיקתא זוטרתא על חמישה חומשי תורה, וילנה תר""ם (כרכים א-ב: בראשית-שמות עם מבוא וביאור מאת ש' בובר; כרכים ג-ה: ויקרא-דברים עם ביאור מאת א""מ פדובה).;פירוש לקח טוב (פסיקתא זוטרתא) על מגילת רות, מהד' י' במברגר, מגנצא תרמ""ז.;ספרי דאגדתא על מגילת אסתר… מדרש לקח טוב, מהד' ש' בובר, וילנה תרמ""ז.;פרוש לקח טוב על מגילת איכה, מהד' י' נאכט, ברלין תרנ""ה.;פירוש לקח טוב על מגילת קהלת, מהד' י' פיינברג, ברלין תרס""ד.;פירוש לקח טוב על מגילת איכה, מהד' א' גרינהוף, לונדון 1908.;פרוש לקח טוב על מגילת שיר השירים, מהד' א' גרינהוף, לונדון 1909.;מדרש לקח טוב המכונה פסיקתא זוטרתא, ירושלים תשס""ז.","ש' בובר, 'מבוא', בתוך: מדרש לקח טוב המכונה פסיקתא זוטרתא, ש' בובר (מהדיר), וילנה תר""ם.;א' טויטו, 'עקבות של לקח טוב בנוסח פירוש רש""י לתורה', עלי ספר טו, תשמ""ט, עמ' 37-44.;י""ל צונץ, הדרשות בישראל והשתלשלותן ההיסטורית, נערך והושלם על ידי ח' אלבק, ירושלים תשי""ד.;י""מ תא-שמע, 'מדרש ""לקח טוב"" – רקעו ואופיו', בתוך: י' חובב (עורך), כנסת מחקרים: עיונים בספרות הרבנית בימי הבייים ג: איטליה וביזנטיון, ירושלים תשס""ו, עמ' 259-294.;Elbaum, ‘Midrash Lekah Tov’, Encyclopaedia Judaica 14, Detroit 2007, p. 190.;H.L. Strack and G. Stemberger, Introduction to the Talmud and Midrash, Edinburgh 1991.;",https://www.mayim.org.il/?midrashim=%d7%9c%d7%a7%d7%97-%d7%98%d7%95%d7%91-%d7%a4%d7%a1%d7%99%d7%a7%d7%aa%d7%90-%d7%96%d7%95%d6%bc%d7%98%d6%b8%d7%a8%d6%b0%d7%aa%d6%b8%d7%90,2026-02-13 08:03:30
ילקוטים,ילקוט שכל טוב,,לא נמצא,"ספר משכיל, בספרי שכל טוב בשכל משכיל",הילקוט שכל טוב חובר בשנת 1139.,"ש' בובר, 1900, ברלין","מדרש שכל טוב על ספר בראשית ושמות, מהד' ש' בובר, ברלין תר""ס.","י' אלבוים, 'ילקוט ""שכל טוב"": דרש פשט וסוגיית ה""סדרן""', בתוך: מ' בר-אשר ואחרים (עורכים), דבר דבור על אופניו: מחקרים בפרשנות המקרא והקוראן בימי הביניים מוגשים לחגי בן-שמאי, ירושלים תשס""ז, עמ' 71-96.;ש' בובר, 'מבוא', בתוך: מדרש שכל טוב, מהד' ש' בובר, ברלין תר""ס.;י' ברודי, לתולדות נוסח השאילתות, ניו יורק-ירושלים תשנ""ב, עמ' 122-123.;מ' לוקשין, 'זיקת פירוש הרשב""ם לתורה אל מדרש שכל טוב', הקונגרס העולמי למדעי היהדות 11, א, תשנ""ד, עמ' 135-142.;י""ל צונץ, הדרשות בישראל והשתלשלותן ההיסטורית, נערך והושלם על ידי ח' אלבק, ירושלים תשי""ד.;י""מ תא-שמע, 'מדרש לקח טוב – רקעו ואופיו', בתוך: י' חובב (עורך), כנסת מחקרים: עיונים בספרות תלמודית בימי הביניים ג: איטליה וביזנטיון, ירושלים תשס""ו, עמ' 259-294.;H.L. Strack and G. Stemberger, Introduction to the Talmud and Midrash, Edinburgh 1991.;Ta-Shma, ‘Menahem ben Solomon’, Encyclopaedia Judaica 14, Detroit 2007, p. 23.;",https://www.mayim.org.il/?midrashim=%d7%99%d7%9c%d7%a7%d7%95%d7%98-%d7%a9%d7%9b%d7%9c-%d7%98%d7%95%d7%91,2026-02-13 08:03:51
ילקוטים,ילקוט שמעוני,,1:1:1.0,,"ילקוט שמעוני נערך בתחילת המאה ה-13 באשכנז, ככל הנראה בידי ר' שמעון הדרשן מפרנקפורט, לאחר תקופת הגאונים ובטרם רדיפות 1240.","ד' היימן וי' שילוני, 1973-1999, ירושלים","ילקוט שמעוני על התורה ועם קונטרס אחרון ועל נביאים וכתובים, סלוניקי רפ""א, רפ""ו, רפ""ז (דפוס צילום ירושלים תשכ""ח, תשל""ג); ילקוט שמעוני, ונציה שכ""ו; ילקוט שמעוני, קרקוב שנ""ה-שנ""ו; ילקוט שמעוני, לובלין ת""א-ת""ג; ילקוט שמעוני על פי כתב יד אוכספורד עם שינויי נוסחאות מכתבי יד ודפוסים ראשונים ציוני מקורות והערות, ירושלים תשל""ג-תשנ""ט","ע' גאולה, 'חידת מפתח הפסוקים שבכ""י מוסקווה, גינצבורג 1420/7: הזמנה לבית היוצר של הילקוט שמעוני לתורה', תרביץ ע, תשס""א, עמ' 429-464; א' גרינבאום, 'מקורות ילקוט שמעוני על חמישה חומשי תורה', סיני עו, תשל""ה, עמ' קכ-קלג; ש""ז הבלין, 'מהדורת הגרח""ז זצ""ל לילקוט שמעוני', מוריה ו, תשל""ח, עמ' ס-סא; ד' היימן, 'מבוא', בתוך: ילקוט שמעוני נביאים ראשונים, ירושלים תשנ""ט, עמ' ז-י; א' עפשטיין, 'ילקוט שמעוני דפוס שאלוניקי ודפוס ויניציאה לקוטים ממדרש אבכיר', מקדמוניות היהודים, ירושלים תשכ""ה, עמ' רעח-שח; א' עפשטיין, 'ר' שמעון קרא וילקוט השמעוני', מקדמוניות היהודים, ירושלים תשכ""ה, עמ' שט-שכז; ח""ז פינקל, 'ילקוט שמעוני ופשר רמזיו', מוריה ו, תשל""ח, עמ' סב-צב; י""ל צונץ, הדרשות בישראל והשתלשלותן ההיסטורית, נערך והושלם על ידי ח' אלבק, ירושלים תשי""ד; ש""י רפפורט, 'מכתב א: על איזה חכמים קדמונים', כרם חמד ז, תר""ג, עמ' 1-18; י' שילוני, 'מבוא', בתוך: ילקוט שמעוני על התורה: ספר דברים, ירושלים תשנ""ב, עמ' א-כז; Elbaum, ‘Yalkut Shimoni’, Encyclopaedia Judaica 21, Detroit 2007, pp. 275-276",https://www.mayim.org.il/?midrashim=%d7%99%d7%9c%d7%a7%d7%95%d7%98-%d7%a9%d7%9e%d7%a2%d7%95%d7%a0%d7%99,2026-02-13 12:03:59
ילקוטים,מדרש הגדול,,1.1-5:3:1.0,,"המדרש נערך בתימן במאה ה-14 על ידי ר' דוד אלעדני, והוא מהווה את גולת הכותרת ביצירה המדרשית של יהודי תימן.","מדרש הגדול בראשית ושמות, מהד' מ' מרגליות, תש""ז-תשט""ז; מדרש הגדול ויקרא, מהד' נ""א רבינוביץ, תר""ץ;  מדרש הגדול ויקרא, מהד' ע' שטיינזלץ, תשל""ו; מדרש הגדול במדבר, מהד' צ""מ רבינוביץ, תשכ""ז;  מדרש הגדול במדבר, מהד' ש' פיש, ת""ש-תשכ""ג; מדרש הגדול דברים, מהד' ש' פיש, תשל""ג;","אגדת אסתר, מהד' ש' בובר, תרנ""ז; מדרש הגדול בראשית, מהד' רש""ז שכטר, תרס""ב; מדרש הגדול שמות, מהד' רד""צ הופמן, תרע""ד-תרפ""א; מדרש הגדול דברים, מהד' רמ""ז חסידא, תרצ""ד-תש""ב; ישראל בן שלמה מצובירה, ספר המרגלית, תשל""ו.","ש' אברמסון, סיני סו, תש""ל; ש' בלקין, הגות עברית באמריקה, תשל""ב; א' גימני, מחניים 7, תשנ""ד; י' הלוי, תימא א, תש""ן; י' הלוי, ספר היובל ליהודה רצהבי, תשנ""א; י' טובי, המדרש הגדול: מקורותיו ומבנהו (דוקטור), תשנ""ד; י' טובי, מכתם ליונה, תשס""ד; מ""ב לרנר, פעמים 10, תשמ""ב; ש' מורג, תרביץ לד, תשכ""ה; י""ל נחום, חשיפת גנוזים מתימן, תשל""א; י""ל צונץ, הדרשות בישראל (השלמות אלבק), תשי""ד; י' רצהבי, תרביץ לד, תשכ""ה; ע' שטיינזלץ, תרביץ לד, תשכ""ה; Fisch, Encyclopaedia Judaica 14, 2007.",https://www.mayim.org.il/?midrashim=%d7%9e%d7%93%d7%a8%d7%a9-%d7%94%d7%92%d7%93%d7%95%d7%9c,2026-02-13 12:04:47
ילקוטים,ילקוט המכירי,,לא נמצא,,"הדעה הרווחת במחקר היא שהילקוט חובר בספרד במחצית השנייה של המאה ה-14. מ""ב לרנר הציע להקדים את זמנו למחצית השנייה של המאה ה-13, גם כן בספרד.","י""ז כהנא-שפירא, 1893, ברלין; ש' בובר, 1900, ברדיטשוב; א' גרינהוף, 1909-1913, לונדון; א' גרינהוף, 1924-1925; י""מ בדאהב, 1927, ירושלים; א' גרינהוט, 1903, ירושלים","ילקוט המכירי לישעיהו, מהד' י""ז כהנא-שפירא, ברלין תרנ""ג; ילקוט המכירי לתהילים, מהד' ש' בובר, ברדיטשוב תר""ס; ילקוט המכירי למשלי, מהד' א""ה גרינהוט, ירושלים תרס""ב; א' גרינהוט, ספר הליקוטים, כרך ו, חלק א, ירושלים תרס""ג; ילקוט המכירי לתרי עשר, מהד' גרינהוף, לונדון 1909-1913 (דפוס צילום ירושלים תשכ""ז); ילקוט המכירי למשלי, מהד' י""מ בדאהב, ירושלים תרפ""ז; ש' שפיגל, 'קטע חדש מילקוט המכירי למשלי', סידרא א, תשמ""ה, עמ' 91-130; A.W. Greenup, ‘A Fragment of the Yalkut of R. Machir bar Abba Mari on Hosea’, JQR XV, 1924-1925, pp. 146-212","ש' בובר, 'פתח דבר', בתוך: ילקוט המכירי על ספר תהילים, מהד' ש' בובר, ברדיטשוב תר""ס.; א' גרינהוט, 'מבוא', בתוך: ילקוט המכירי על משלי, מהד' א' גרינהוט, ירושלים תרס""ב.; י""ז כהנא-שפירא, 'ראש דבר', בתוך: ילקוט המכירי על ישעיהו, מהד' כהנא-שפירא, ברלין תרנ""ד = כהנא-שפירא, ראש דבר.; מ""ב לרנר, 'אור חדש על דברים רבה של בני ספרד (א): צמיחתו של מדרש דברים רבה, מהדורת ליברמן', בתוך: מ""ב לרנר ואחרים (עורכים), תעודה יא: מחקרים במדרשי האגדה: ספר זיכרון לצבי מאיר רבינוביץ, תל אביב תשנ""ו, עמ' 107-145.; Elbaum, ‘Yalkut (ha-) Makhiri’, Encyclopaedia Judaica 21, Detroit 2007, pp. 274-275.; A.W. Greenup, ‘A Fragment of the Yalkut of R. Machir bar Abba Mari on Hosea’, JQR XV, 1924-1925, pp. 141-145.; H.L. Strack and G. Stemberger, Introduction to the Talmud and Midrash, Edinburgh 1991.;",https://www.mayim.org.il/?midrashim=%d7%99%d7%9c%d7%a7%d7%95%d7%98-%d7%94%d7%9e%d7%9b%d7%99%d7%a8%d7%99,2026-02-13 08:05:19
"מדרשים לספרי נ""ך",מדרש שמואל,,1.8:1:1.0,"אגדת שמואל, אגדתא דשמואל, עת לעשות לה, מדרש שמואל רבתא, שוחר טוב","מדרש שמואל הוא מדרש אגדה ארץ ישראלי קדום, שעבר מספר שלבי עריכה. הוא הופץ לפני השלמתו המלאה ולפני המאה התשיעית, כאשר ישנן עדויות לכך ששימש כבר במאה השמינית או התשיעית.","ב' ליפשיץ, תשס""ט, ירושלים","מדרש שמואל, קושטא רע""ז.;
מדרש תהלים רבתא עם מדרש שמואל רבתא, ונציה ש""י.;
מדרש שוחר טוב: מדרש תהילים ומשלי רבתא עם מדרש שמואל רבתא, פראג שע""ג (עם פירוש קצר מאת ר' יצחק בר' שמשון כ""ץ).;
מדרש שוחר טוב והוא מדרש שמואל, זאלקווא תק""ס (עם פירוש רבי יעקב מבראד).;
מדרש שמואל, ש' בובר (מהדיר), קרקוב תרנ""ג.;
מדרש שמואל, ירושלים תש""ס (עם פירושי ר' שמואל יפה אשכנזי, ר""י כץ, ר""י מבראד, עץ יוסף ענף יוסף, הגהות רד""ל, ועוד).;
מדרש שמואל על פי דפוס קושטא רע""ז עם מבוא חילופי נוסחאות והערות, מסורת המדרש ופירוש מקיף, ב' ליפשיץ (מהדיר), ירושלים תשס""ט.;","ש' בובר, 'מבוא', בתוך: מדרש שמואל, מהד' בובר, קרקוב תרנ""ג.;
מ' היגער, 'הברייתות במדרש שמואל ובמדרש משלי', תלפיות ה, ג-ד, תשי""ב, עמ' 669-682.;
א""ה וייס, דור דור ודורשיו, ניו יורק תרפ""ד.;
מ' כהנא, 'זיקת כתב-יד וטיקן 60 של בראשית רבה למקבילותיו', בתוך: מ""ב לרנר ואחרים (עורכים), תעודה יא: מחקרים במדרשי האגדה – ספר זיכרון לצבי מאיר רבינוביץ, תל אביב תשנ""ו, עמ' 17-60.;
ב' ליפשיץ, 'מבוא', בתוך: מדרש שמואל, מהד' ליפשיץ, ירושלים תשס""ט, עמ' ג-קיד.;
מ' סוקולוף, שרידי כתבי יד ופלימפססטים של בראשית רבה מן הגניזה וכתב יד ואטיקן 60 של בראשית רבה, עבודה לשם קבלת התואר דוקטור לפילוסופיה, האוניברסיטה העברית, ירושלים תשל""א.;
י""ל צונץ, הדרשות בישראל והשתלשלותן ההיסטורית, נערך והושלם על ידי ח' אלבק, ירושלים תשי""ד.;
צ""מ רבינוביץ, גנזי מדרש, תל אביב תשל""ז.;
Elbaum, ‘Midrash Samuel’, Encyclopaedia Judaica 14, Detroit 2007, p. 191.;
H.L. Strack and G. Stemberger, Introduction to the Talmud and Midrash, Edinburgh 1991.;",https://www.mayim.org.il/?midrashim=%d7%9e%d7%93%d7%a8%d7%a9-%d7%a9%d7%9e%d7%95%d7%90%d7%9c,2026-02-13 08:05:50
"מדרשים לספרי נ""ך",מדרש תהילים – שוחר טוב,,לא נמצא,"אגדת תהילים, הגדת תהילים, שוחר טוב","המדרש המצוי בידינו אינו קדום ומורכב משני חלקים שנוצרו בזמנים שונים. חלקו הראשון נערך ככל הנראה בארץ ישראל בסוף תקופת הגאונים במאה העשירית, והחלק השני מתוארך למאות ה-11 עד ה-15.",,"מדרש תהילים, קושטא רע""ב (המדרש מודפס עד מזמור קי""ח).;
מדרש תהילים, סלוניקי רע""ה (המדרש כולל גם את חלקו השני, ואת פירוש אלפא ביתא לר' מתתיה היצהרי).;
מדרש שוחר טוב, ונציה ש""ו (נדפס יחד עם מדרש שמואל).;
מדרש שוחר טוב, אמסטרדם ת""צ.;
מדרש שוחר טוב עם פירוש יבקש רצון מאת א' הלוי הורוויץ, לבוב תרי""א.;
מדרש שוחר טוב עם ביאור אהרן משה פאדווא, ורשה תרכ""ה.;
מדרש תהילים המכונה שוחר טוב, מהד' ש' בובר, וילנה תרנ""א.;
מדרש תהילים המבואר, ירושלים תשס""ב.;
W.G. Braude, The Midrash of Psalms, New Haven 1959.","ש' בובר, 'מבוא', בתוך: מדרש תהילים המכונה שוחר טוב, ש' בובר (מהדיר), ירושלים תשכ""ו.;
ת' ביטון, הסיפור במדרש תהילים, עבודה לשם קבלת התואר מוסמך, האוניברסיטה העברית, ירושלים תשס""ד.;
ח' מאק, 'הדרשה השבתאית בדבר ביטול המצוות – מקורה וגלגוליה', סידרא יא, תשנ""ה, עמ' 55-72.;
י""ל צונץ, הדרשות בישראל והשתלשלותן ההיסטורית, נערך והושלם על ידי ח' אלבק, ירושלים תשי""ד.;
א' שנאן, 'בטרקלין ועל סף הבית: משה ודוד המלך במדרש תהילים', בתוך: א' אדרעי ואחרים (עורכים), מחקרים בתלמוד ובמדרש: ספר זיכרון לתרצה ליפשיץ, ירושלים תשס""ה.;
W.G. Braude, ‘Introduction’, in: The Midrash of Psalms, New Haven 1959.;
Elbaum, ‘Midrash Tehillim’, Encyclopaedia Judaica 14, Detroit 2007, pp. 191-192.;
Mann, ‘Some Midrashic Genizah Fragments’, HUCA 14, 1939, pp. 303-358.;
Rabinowitz, ‘Does Midrash Tillim Reflect the Triennial Cycle of Psalms?’, JQR 26, 1935-1936, pp. 349-368.;",https://www.mayim.org.il/?midrashim=%d7%9e%d7%93%d7%a8%d7%a9-%d7%aa%d7%94%d7%99%d7%9c%d7%99%d7%9d-%d7%a9%d7%95%d7%97%d7%a8-%d7%98%d7%95%d7%91,2026-02-13 08:06:15
"מדרשים לספרי נ""ך",מדרש משלי,,1.15:1:1.0,"אגדת משלי, מדרש שוחר טוב","מדרש משלי נערך בארץ ישראל, וטווח זמן עריכתו הוא בין השנים 860 ל-940.","ב' ויסוצקי, 1983, Ann Arbor; ב' ויסוצקי, 1990, ניו יורק","מדרש משלי, קושטא רע""ב-רע""ז.;
מדרש שוחר טוב, ונציה ש""ו.;
מדרש משלי, ש' בובר (מהדיר), וילנה תרנ""ג.;
מדרש משלי, ב' ויסוצקי (מהדיר), ניו יורק תש""ן.;
B.L. Visotzky, The Midrash on Proverbs, translated from the Hebrew with an introduction and annotations, New Haven 1992.;","ש' בובר, 'מבוא', בתוך: מדרש משלי, ש' בובר (מהדיר), וילנה תרנ""ג.;
מ' היגער, 'הברייתות במדרש שמואל ובמדרש משלי', תלפיות ה, ג-ד, תשי""ב, עמ' 669-682.;
ב' ויסוצקי, 'מבוא', בתוך: מדרש משלי, ב' ויסוצקי (מהדיר), ניו יורק תש""ן = ויסוצקי, מבוא.;
מ""ב לרנר, 'מחקרים במדרש משלי', בתוך: י' זוסמן ואחרים (עורכים), מחקרי תלמוד ג, קובץ מחקרים בתלמוד ובתחומים גובלים – מוקדש לזכרו של פרופ' א' אורבך, ירושלים תשס""ה, עמ' 461-488 = לרנר, מחקרים.;
י""ל צונץ, הדרשות בישראל והשתלשלותן ההיסטורית, נערך והושלם בידי ח' אלבק, ירושלים תשי""ד.;
צ""מ רבינוביץ, גנזי מדרש, תל אביב תשל""ז = רבינוביץ, גנזי מדרש.;
צ""מ רבינוביץ, 'קטעי גניזה למדרש משלי', בתוך: י' גילת ואחרים (עורכים), מכתם לדוד: ספר זיכרון הרב דוד אוקס, רמת גן תשל""ח, עמ' 106-119.;
ד' שטיין, 'מלכת שבא מול שלמה – חידות ופרשנות במדרש משלי א', מחקרי ירושלים בפולקלור יהודי טו, תשנ""ג, עמ' 7-35.;
Elbaum, ‘Midrash Proverbs or Aggadat Proverbs’, Encyclopaedia Judaica 14, Detroit 2007, pp. 190-191.;
M.B. Lerner, ‘The Work of Aggadic Midrash and the Ester Midrashim’, in: S. Safrai (ed.), The Literature of the Sages II, Assen 2006, pp. 133-230 = לרנר, מדרשי אגדה.;
Visotzky, Midrash Mishle: A Critical Edition Based on Manuscripts and Early Editions with an Introduction and Annotated English Translation, Ann Arbor 1983 = ויסוצקי, מדרש.;",https://www.mayim.org.il/?midrashim=%d7%9e%d7%93%d7%a8%d7%a9-%d7%9e%d7%a9%d7%9c%d7%99,2026-02-13 08:06:37
מדרשים נוספים,אבות דרבי נתן,,2:1:1.0,"תוספתא, ברייתא, משנת ר' נתן, תוספתא דמסכת אבות, אבות דרבי נתן","החיבור ביסודו קדום, מסוף תקופת התנאים. נוסח ב נערך בסוף המאה השלישית, ונוסח א המשיך להתגבש עד סוף המאה השביעית. באופן כללי, תהליך התהוותו הסתיים בין המאה החמישית לתשיעית.","ש""ז שכטר, 1887, וינה; ה' בקר וק' ברנר, 2006, טובינגן","אבות דרבי נתן, ש""ז שכטר (מהדיר), וינה תרמ""ז.;
אבות דרבי נתן, מהדורה סינופטית של שתי הגרסות, ה""י בקר בהשתתפות ק' ברנר, טובינגן 2006.;
The Fathers according to Rabbi Nathan (Abot de Rabbi Nathan) version B, a translation and commentary by A.J. Saldarini, Leiden-Brill 1975.;
Goldin, The Fathers According to Rabbi Nathan, New Haven 1995.;
Geniza-Fragmente zu Avot de-Rabbi Natan, in Zusammenarbeit mit C. Berner, W. Drews und U. Kämpf, herausgegeben von H.J. Becker, Tübingen 2004.;","י' אלבוים, 'A.J. Saldarini, “The Fathers according to Rabbi Nathan” (ביקורת)', קרית ספר נב, תשל""ז, עמ' 806-815.;
י' אלבוים, 'תבניות לשון ועניין במעשי חכמים: לטיבן של העדויות על ר' עקיבא באבות דרבי-נתן', הקונגרס העולמי למדעי היהדות 7, תשמ""א, עמ' 71-78 = אלבוים, תבניות.;
י' אפרון, 'מלחמת בר-כוכבא לאור המסורת התלמודית-הארצישראלית כנגד הבבלית', בתוך: א' אופנהיימר ואחרים (עורכים), מרד בר–כוכבא: מחקרים חדשים, ירושלים תשמ""ד, עמ' 47-105.;
נ""ה טור-סיני, 'מלשון חכמים ומליצתם במסכת אבות דרבי נתן', הלשון והספר: בעיות יסוד במדע הלשון ובמקורותיה בספרות ג, ירושלים תשט""ז, עמ' 320-334.;
ע' טרן, 'המסורת על כיבוש ירושלים בשנת 70 לספירה באבות דרבי נתן', טורא ד, 1996, עמ' 173-183.;
א""מ לונץ, תלמוד ירושלמי, ירושלים תרס""ח-תרע""ו.;
א""א פינקלשטיין, מבוא למסכתות אבות ואבות דרבי נתן, ניו יורק תשי""א.;
י' פרנקל, 'קוים בולטים בתולדות מסורת הטקסט', סיפור האגדה – אחדות של תוכן וצורה, תל אביב תשס""א, עמ' 51-74.;
י""ל צונץ, הדרשות בישראל והשתלשלותן ההיסטורית, נערך והושלם על ידי ח' אלבק, ירושלים תשי""ד.;
מ' קיסטר, 'מסורות-אגדה וגלגוליהן', תרביץ ס ב, תשנ""א, עמ' 179-224 = קיסטר, מסורות.;
מ' קיסטר, 'אקדמות מילין', בתוך: אבות דרבי נתן, ש""ז שכטר (מהדיר), ניו יורק תשנ""ז, עמ' 7-41 = קיסטר, אקדמות.;
מ' קיסטר, עיונים באבות דרבי נתן: נוסח, עריכה ופרשנות, עבודה לשם קבלת התואר דוקטור לפילוסופיה, האוניברסיטה העברית, ירושלים תשנ""ח = קיסטר, עיונים.;
מ' קיסטר, 'עיון באבות ד' נתן נו""א פרק יז – עריכה ונפתולי מסורת', בתוך: י' זוסמן ואחרים (עורכים), מחקרי תלמוד ג: קובץ מחקרים בתלמוד ובתחומים גובלים מוקדש לזכרו של פרופ' אפרים א' אורבך, ירושלים תשס""ה, עמ' 703-739 = קיסטר, עריכה.;
ש""ז שכטר, 'מבוא', בתוך: אבות דרבי נתן, ש""ז שכטר (מהדיר), וינה תרמ""ז.;
א' שנאן, 'יצר הרע ותלמידי חכמים', בתוך: א' קידר (עורך), שיחות עם יצר הרע, תל אביב תשס""ז, עמ' 48-59.;
Kister, ‘Avot de-Rabbi Nathan’, Encyclopaedia Judaica 2, Detroit 2007, pp. 750-751.;
M.B. Lerner, ‘Minor Tractates’, in: S. Safrai (ed.), The Literature of the Sages I, Philadelphia 1987, pp. 369-379.;",https://www.mayim.org.il/?midrashim=%d7%90%d7%91%d7%95%d7%aa-%d7%93%d7%a8%d7%91%d7%99-%d7%a0%d7%aa%d7%9f,2026-02-13 08:07:16
מדרשים נוספים,פרקי דרבי אליעזר,,41:T,ברייתא דרבי אליעזר,"התאריך המקובל במחקר לחיבור המדרש הוא אמצע המאה השמינית, וניכרת בו זיקה חזקה לספרות ולתרבות הערבית.",,"פרקי דרבי אליעזר, קושטא רע""ד.;פרקי דרבי אליעזר, עם ביאור רד""ל, ורשה תרי""ב (דפוס צילום ירושלים תש""ל).;פרקי דרבי אליעזר, עם ביאור הבית הגדול, שלום ברודא, למברג תר""ל.;פרקי דרבי אליעזר, מהד' היגער, חורב ח-י, 1944-1948.;פרקי דרבי אליעזר, מהד' הורוויץ, ירושלים תשל""ב.;צ""מ רבינוביץ, 'קטעי גניזה מפרקי דרבי אליעזר', בר-אילן טז-יז, תשל""ט, עמ' 100-111.;פרקי דרבי אליעזר, ירושלים תשס""ה.;Friedlander, Pirke de-Rabbi Eliezer, London 1916 (New York 1981).;Pérez Fernández, Los Capitolos de Rabbi Eliezer, Valencia 1984.","מ' איש שלום, 'נספחים לסדר אליהו זוטא', סדר אליהו רבה וסדר אליהו זוטא, מהד' איש שלום, ירושלים תשכ""ט.;י' אלבוים, 'המליצה, המוטיב והעניין: לדרך עיצובו של הסיפור בפרקי דרבי אליעזר', מחקרי ירושלים בפולקלור יהודי יג-יד, תשנ""א-תשנ""ב, עמ' 99-126 = אלבוים, המליצה.;י' אלבוים, 'משיחיות בפרקי דרבי אליעזר, אפוקליפסה ומדרש', בתוך: מ""ב לרנר ואחרים (עורכים), תעודה יא: מחקרים במדרשי האגדה – ספר זיכרון לצבי מאיר רבינוביץ, תל אביב תשנ""ו, עמ' 245-266 = אלבוים, משיחיות.;ל' גינצבורג, 'אגדות עם יהודיות – מזרח ומערב', על הלכה ואגדה, תל אביב תש""ך, עמ' 251-262.;י' היינימן, 'אגדות קדומות ועיבודן בפרקי דרבי אליעזר', אגדות ותולדותיהן, ירושלים תשל""ד, עמ' 181-199.;א' טרייטל, עדי הנוסח של פרקי דרבי אליעזר: מיון מוקדם, עבודה לשם קבלת התואר מוסמך, האוניברסיטה העברית, ירושלים תשס""ב = טרייטל, עדי הנוסח.;י""ל צונץ, הדרשות בישראל והשתלשלותן ההיסטורית, נערך והושלם על ידי ח' אלבק, ירושלים תשי""ד.;י' קויפמן, מדרשי גאולה, ירושלים-תל אביב תשי""ד.;א' שוסמן, 'מקורו היהודי ומגמתו של סיפור ביקורי אברהם אצל ישמעאל', תרביץ מט, תש""ם, עמ' 325-345.;ד' שטיין, מימרה, מגיה, מיתוס: פרקי דרבי אליעזר לאור מחקר הספרות העממית, ירושלים תשס""ד.;א' שנאן, 'בין מדרש לתרגום: על תרגום התורה המיוחס ליונתן ומדרש פרקי דרבי אליעזר', בתוך: מ""ב לרנר ואחרים (עורכים), תעודה יא: מחקרים במדרשי האגדה – ספר זיכרון לצבי מאיר רבינוביץ, תל אביב תשנ""ו, עמ' 231-243 = שנאן, בין מדרש לתרגום.;Friedlander, ‘Introduction’, in: Idem (ed.), Pirke de Rabbi Eliezer, London 1916 (New York 1981), pp. xiii-lvii.;M.D. Herr, ‘Pirkei de-Rabbi Eliezer’, Encyclopaedia Judaica 16, Detroit 2007, pp. 182-183.",https://www.mayim.org.il/?midrashim=%d7%a4%d7%a8%d7%a7%d7%99-%d7%93%d7%a8%d7%91%d7%99-%d7%90%d7%9c%d7%99%d7%a2%d7%96%d7%a8,2026-02-13 08:07:38
מדרשים נוספים,סדר אליהו,,לא נמצא,"סדר אליהו, סדר אליהו רבה, סדר אליהו זוטא, תנא דבי אליהו, תנא דבי אליהו רבתי","זמנו של מדרש סדר אליהו נתון במחלוקת ארוכת שנים, עם טווח הצעות בין המאה השלישית לעשירית. עם זאת, המגמה במחקר בשנים האחרונות נוטה לתארך את חיבורו למאה התשיעית.","מ' איש שלום, 1902, וינה","דפוס ראשון: תנא דבי אליהו, ונציה שנ""ח.; דפוס שני: תנא דבי אליהו עם פירוש זיקוקין דנורא ובעורין דאשא מאת ר' שמואל היידא, פראג תל""ו.; תנא דבי אליהו זוטא, בתוך: מ""ה הורוויץ (עורך), בית עקד האגדות ב, פרנקפורט תרמ""א-תרמ""ב.; סדר אליהו רבא וסדר אליהו זוטא, מהד' איש שלום, וינה תרס""ב.; ליקוטי סדר אליהו זוטא מהגניזה, בתוך: ל' גינצבורג (עורך), גנזי שכטר א, ניו יורק תרפ""ח-תרפ""ט, עמ' 238-295.; תורת כהנים (ספרא) סדר אליהו רבה וזוטא, כתב יד וטיקן 30, ירושלים תשל""ב.; Tana Debe Eliyyahu – The Lord of the School of Elijah, translated from the Hebrew by G. Braude and J. Kapstein, Philadelphia 1981.","א""א אורבך, 'לשאלת לשונו ומקורותיו של ספר ""סדר אליהו""', מעולמם של חכמים: קובץ מחקרים, ירושלים תשמ""ח, עמ' 418-433.; מ' איש שלום, 'מבוא', בתוך: סדר אליהו רבה וסדר אליהו זוטא, ירושלים תשכ""ט.; י' אלבוים, 'בין מדרש לספר מוסר, עיון בפרקים א-ו בתנא דבי אליהו', מחקרי ירושלים בספרות עברית א, תשמ""א, עמ' 144-154 = אלבוים, עיון.; י' אלבוים, 'תרגום אנגלי לתנא דבי אליהו', מחקרי ירושלים בספרות עברית ז, תשמ""ה, עמ' 103-119 = אלבוים, תרגום.; י' אלבוים, 'בין עריכה לשכתוב – לאופיה של הספרות המדרשית המאוחרת', הקונגרס העולמי למדעי היהדות 9, ג, תשמ""ו, עמ' 57-62 = אלבוים, עריכה.; י' אלבוים, 'תנא דבי אליהו וספרות הסוד הקדומה', מחקרי ירושלים במחשבת ישראל ו, א-ב, תשמ""ז, עמ' 139-150 = אלבוים, ספרות הסוד.; י' אלבוים, 'לתפיסת הגאולה ב""תנא דבי אליהו""', בתוך: H.J. Blumberg and others (eds.), “Open Thou Mine Eyes”: Essays on Aaggadah and Judaica, N.J. 1992, pp. 303-321 = אלבוים, גאולה.; ח' אפפנהיים, 'מאמר ביקורת לספר תנא דבי אליהו', בית תלמוד א, תרמ""א, עמ' 166-270.; י""נ אפשטיין, מבוא לנוסח המשנה, ירושלים תש""ח.; י' ברנד, 'סדר תנא דבי אליהו רבא וזוטא (זמנו ומחברו)', בתוך: ב""צ לוריא (עורך), זר לגבורות: קובץ מחקרים במקרא, בידיעת הארץ, בלשון ובספרות תלמודית, מוגש לר' זלמן שז""ר, נשיא המדינה ביום הולדתו הפ""ג, ירושלים תשל""ג, עמ' 597-617.; מ' גידמן, ספר התורה והחיים: בארצות המערב בימי הביניים, ורשה תרנ""ז-תרנ""ט.; ר' יעבץ, 'חכם עדיף', בתוך: ש""פ ראבינוביץ (עורך), כנסת ישראל: ספר שנתי לתורה ולתעודה א, ורשה תרמ""ו.; צ' כהן, תפילת ""לעולם יהא אדם"" ומקומה בסדר אליהו רבה, עבודה לשם קבלת התואר מוסמך, האוניברסיטה העברית, ירושלים תשס""ג.; ח' מאק, 'המדרשים המאוחרים', מחניים 7, תשנ""ד, עמ' 138-151.; מ' מרגליות, 'לבעיית קדמותו של ספר סדר אליהו', בתוך: מ' קאסוטו ואחרים (עורכים), ספר אסף: קובץ מאמרי מחקר מוגש לכבוד שמחה אסף, ירושלים תשי""ג, עמ' 370-390.; י""ל צונץ, הדרשות בישראל והשתלשלותן ההיסטורית, נערך והושלם על ידי ח' אלבק, ירושלים תשי""ד.; מ' צוקר, על תר;",https://www.mayim.org.il/?midrashim=%d7%a1%d7%93%d7%a8-%d7%90%d7%9c%d7%99%d7%94%d7%95,2026-02-13 08:08:08
מדרשים נוספים,סדר עולם,,3:2:1.0,"רבה, סדר עולם רבה","רוב החוקרים מסכימים כי עיקרו של החיבור נוצר בתקופת התנאים, על ידי מחבר אחד. יש המשייכים אותו לתקופת חכמי יבנה, או סמוך לסיום עריכת המשנה.","א""ד נויבאואר, 1893, אוקספורד; א' מארכס, 1903, ברלין; ח' מיליקובסקי, 1981, Ann Arbor","סדר עולם, מנטובה רע""ד.;
סדר עולם, קושטא רע""ז.;
סדר עולם רבא, ונציה ש""ה-ש""ו.;
סדר החכמים וקורות הימים, מהד' נויבאואר, אוקספורד תרמ""ח-תרנ""ג.;
סדר עולם רבה, מהד' רטנר, וילנה תרנ""ז.;
סדר עולם פרקים א-י, מהד' מארכס, ברלין תרס""ג.;
סדר עולם עם ביאורים והגהות מהרב יעקב עמדן ומהרב אליהו מווילנא, מהד' ליינר, ורשה תרס""ה.;
סדר עולם עם פירושים של משה יאיר ווינשטראק, ירושלים תשט""ז.;
Milikowsky (ed.), Seder Olam: a rabbinic cronography, Ann Arbor 1981.;","ב""ז בכר, אגדות התנאים ב, ירושלים תרפ""ב-תרפ""ה.;ח' מיליקובסקי, 'סדר עולם והתוספתא', תרביץ מט, תש""ם, עמ' 246-263 = מיליקובסקי, תוספתא.;ח' מיליקובסקי, 'לדפוסי סדר עולם אקדמות למהדורה מדעית של סדר עולם א', עלי ספר יב, תשמ""ו, עמ' 37-49 = מיליקובסקי, אקדמות.;ח' מיליקובסקי, '""סדר עולם"" והכרונוגרפיה היהודית בתקופה ההלניסטית-רומית', בתוך: מ' צימרמן ואחרים (עורכים), עיונים בהיסטוריוגרפיה, ירושלים תשמ""ח, עמ' 59-71 = מיליקובסקי, כרונוגרפיה.;ח' מיליקובסקי, 'סימטריות בהיסטוריה אצל חז""ל: המספרים המיוחדים של סדר עולם פרק שני', מחקרי ירושלים במחשבת ישראל יא, תשנ""ג, עמ' 37-47 = מיליקובסקי, סימטריות.;ח' מיליקובסקי, 'סוף הנבואה וסוף המקרא בעיני סדר עולם, ספרות חז""ל והספרות שמסביב לה', סידרא י, תשנ""ד, עמ' 83-94 = מיליקובסקי, נבואה.;ח' מיליקובסקי, 'סדר עולם ומכילתא דרשב""י על שעבוד בני ישראל במצרים: על קביעת מקוריות בין מקבילות בספרות חז""ל', בר-אילן כו-כז, תשנ""ה, עמ' 221-225 = מיליקובסקי, מכילתא.;ח' מיליקובסקי, 'החיפוש אחר ""הטקסט המקורי"": עיונים בענייני נוסח וההדרה בסדר עולם ובויקרא רבה', בתוך: א' אדרעי ואחרים (עורכים), מחקרים בתלמוד ובמדרש: ספר זיכרון לתרצה ליפשיץ, ירושלים תשס""ה, עמ' 349-384 = מיליקובסקי, הטקסט המקורי.;ש' מירסקי, 'מבוא', בתוך: ד""ב רטנר (מהדיר), מדרש סדר עולם, ירושלים תשמ""ח.;י""ל צונץ, הדרשות בישראל והשתלשלותן ההיסטורית, נערך והושלם על ידי ח' אלבק, ירושלים תשי""ד.;ד""ב רטנר, 'מבוא לסדר עולם רבה', בתוך: ד""ב רטנר (מהדיר), סדר עולם, וילנה תרנ""ז.;C.J. Milikowsky, Seder Olam: A Rabbinic Chronograpy, Ph.D. dissertation, Yale University 1981.;C.J. Milikowsky, ‘Seder Olam’, in: S. Safrai (ed.), The Literature of the Sages II, Assen 2006, pp. 231-241 = מיליקובסקי, סדר עולם.;Rosenthal, ‘Seder Olam’, Encyclopaedia Judaica 18, Detroit 2007, pp. 235-236.;H.L. Strack and G. Stemberger, Introduction to the Talmud and Midrash, Edinburgh 1991.;",https://www.mayim.org.il/?midrashim=%d7%a1%d7%93%d7%a8-%d7%a2%d7%95%d7%9c%d7%9d,2026-02-13 08:08:39
מדרשים נוספים,פרק שירה,,321:T,פרקי שירה,"החיבור נערך ככל הנראה במאה השלישית בארץ ישראל, בתקופת התנאים.","מ' בית-אריה, 1967, ירושלים; ב' אליצור, 1989, ירושלים","משה בן יוסף מטראני, בית אלהים, ונציה של""ו; יהודה ליב פוחוביצר, דברי חכמים, חלק א, המבורג תנ""ב; ישעיה הורוביץ, שער השמים, אמסטרדם תע""ז; יצחק בן אריה יוסף דב, סדור עבודת ישראל, רדלהיים תרכ""ח; י""ד אייזנשטיין, אוצר מדרשים, ניו יורק תרע""ה; פרק שירה, מהדורה מבוססת על כתבי יד, ב' אליצור (עורך), ירושלים תשמ""ט","מ' בית-אריה, פרק שירה, מבואות ומהדורה ביקורתית, עבודה לשם קבלת התואר דוקטור לפילוסופיה, האוניברסיטה העברית, ירושלים תשכ""ז.; י""ל צונץ, הדרשות בישראל והשתלשלותן ההיסטורית, נערך והושלם על ידי ח' אלבק, ירושלים תשי""ד.; Beit-Arie, ‘Perek Shirah’, Encyclopaedia Judaica 15, Detroit 2007, p. 760.;",https://www.mayim.org.il/?midrashim=%d7%a4%d7%a8%d7%a7-%d7%a9%d7%99%d7%a8%d7%94,2026-02-13 08:08:57